<language name="(name of language)" author="(author's name)" url="(author's website)" contact="(author's contact info)" version="(version of StrokesPlus this was made for)">
	<Base>
		<Messages>
			<AlreadyRunning></AlreadyRunning>
			<AlreadyRunningTitle></AlreadyRunningTitle>
			<OtherGestureAppRunning></OtherGestureAppRunning>
			<OtherGestureAppRunningTitle></OtherGestureAppRunningTitle>
			<RequiresAdmin></RequiresAdmin>
			<RequiresAdminTitle></RequiresAdminTitle>
			<ForegroundLockTimeout></ForegroundLockTimeout>
			<ForegroundLockTimeoutTitle></ForegroundLockTimeoutTitle>
			<ForegroundLockTimeoutFail></ForegroundLockTimeoutFail>
			<ForegroundLockTimeoutFailTitle></ForegroundLockTimeoutFailTitle>
			<SaveConfigFail></SaveConfigFail>
			<SaveConfigFailTitle></SaveConfigFailTitle>
			<LoadConfigFail></LoadConfigFail>
			<LoadConfigFailTitle></LoadConfigFailTitle>			
			<LoadActionsFail></LoadActionsFail>
			<LoadActionsFailTitle></LoadActionsFailTitle>
			<LuaScriptError></LuaScriptError>
			<GestureTooShortTitle></GestureTooShortTitle>
			<GestureTooShortMessage></GestureTooShortMessage>		
			<AdminModeTitle></AdminModeTitle>
			<AdminModeMessage></AdminModeMessage>
			<Win8LauncherTitle></Win8LauncherTitle>
			<Win8LauncherMessage></Win8LauncherMessage>
			<TouchPadNotSupportedTitle></TouchPadNotSupportedTitle>
			<TouchPadNotSupportedMessage></TouchPadNotSupportedMessage>
			<ReloadSettingsOpenTitle></ReloadSettingsOpenTitle>
			<ReloadSettingsOpenMessage></ReloadSettingsOpenMessage>
		</Messages>
	</Base>
	<Settings>
		<Title></Title>
	</Settings>
	<Gestures>
		<Title></Title>
		<SavedImmediately></SavedImmediately>
	</Gestures>
	<Preferences>
		<Title></Title>
		<StrokeButtonFrame>
			<Title></Title>
			<Buttons>
				<Title></Title>
				<Right></Right>
				<Middle></Middle>
				<Left></Left>
				<X1></X1>
				<X2></X2>
				<Control></Control>
				<Alt></Alt>
				<Shift></Shift>
				<ScrollUp></ScrollUp>
				<ScrollDown></ScrollDown>
			</Buttons>
			<IgnoreKey>
				<Title></Title>
				<DropDown>
					<Control></Control>
					<Alt></Alt>
					<Shift></Shift>
					<None></None>
				</DropDown>
			</IgnoreKey>
			<CancelDelay>
				<Title></Title>
				<Suffix></Suffix>
			</CancelDelay>
		</StrokeButtonFrame>
		<SynapticsFrame>
			<Disable></Disable>
			<Title></Title>
			<Fingers>
				<One></One>
				<Two></Two>
				<Three></Three>
			</Fingers>
			<Sensitivity></Sensitivity>
			<Percent></Percent>
			<HoldDeltaText></HoldDeltaText>
			<HoldDeltaSuffix></HoldDeltaSuffix>
			<HoldDelayText></HoldDelayText>
			<HoldDelaySuffix></HoldDelaySuffix>	
			<StrokeSequence></StrokeSequence>
		</SynapticsFrame>
		<StrokeStyleFrame>
			<Title></Title>
			<PickColor></PickColor>
			<Width>
				<Title></Title>
				<Suffix></Suffix>			
			</Width>
			<SegmentLength>
				<Title></Title>
				<Suffix></Suffix>			
			</SegmentLength>			
			<Length>
				<Title></Title>
				<Suffix></Suffix>			
			</Length>
			<Opacity>
				<Title></Title>
				<Suffix></Suffix>			
			</Opacity>
			<Show>
				<Title></Title>
				<Yes></Yes>
				<No></No>
			</Show>
		</StrokeStyleFrame>
		<AdvancedOptionsFrame>
			<Title></Title>
			<MatchPrecision>
				<Title></Title>
				<Suffix></Suffix>						
			</MatchPrecision>
			<MatchProbability>
				<Title></Title>
				<Suffix></Suffix>						
			</MatchProbability>
			<ManageMemory></ManageMemory>
			<Suspend></Suspend>
			<MultipleInstanceMessage></MultipleInstanceMessage>
			<NewGestureMessage></NewGestureMessage>
			<GestureWindowOnTop></GestureWindowOnTop>
			<GestureWindowToBottom></GestureWindowToBottom>
			<ResetCancelDelay></ResetCancelDelay>
			<MouseWheelRelay></MouseWheelRelay>
			<RecognizeOnMouseWheel></RecognizeOnMouseWheel>
			<CaptureModifiersOnMouseDown></CaptureModifiersOnMouseDown>			
			<AllowMouseWheelTick></AllowMouseWheelTick>
			<AllowAfterActionScript></AllowAfterActionScript>
			<AllowMiddleClickScript></AllowMiddleClickScript>
			<OnlyDefinedApps></OnlyDefinedApps>
			<AllowAfterReleaseScript></AllowAfterReleaseScript>
			<CheckCursorFlags></CheckCursorFlags>
			<AllowLeftClickScript></AllowLeftClickScript>
			<AllowRightClickScript></AllowRightClickScript>
			<AllowX1ClickScript></AllowX1ClickScript>
			<AllowX2ClickScript></AllowX2ClickScript>
			<AllowHorzMouseWheelTick></AllowHorzMouseWheelTick>
			<RelayGestureOnNoMatch></RelayGestureOnNoMatch>
			<NoMatchSound></NoMatchSound>
			<NoMatchSoundFile>
				<Title></Title>
				<Test></Test>
				<Browse></Browse>
			</NoMatchSoundFile>			
		</AdvancedOptionsFrame>
		<Help></Help>
		<Save></Save>
		<OK></OK>
		<Cancel></Cancel>
	</Preferences>
	<Actions>
		<Title></Title>
		<AddAppPopupTitle></AddAppPopupTitle>
		<AddActionPopupTitle></AddActionPopupTitle>
		<RenameAppPopupTitle></RenameAppPopupTitle>		
		<RenameActionPopupTitle></RenameActionPopupTitle>	
		<RenameGesturePopupTitle></RenameGesturePopupTitle>		
		<GlobalActions></GlobalActions>
		<GestureFrame>
			<Title></Title>
			<New></New>
			<Rename></Rename>
			<Delete></Delete>
		</GestureFrame>
		<MouseKeyModifierFrame>
			<Title></Title>
			<Right></Right>
			<Middle></Middle>
			<Left></Left>
			<X1></X1>
			<X2></X2>
			<Control></Control>
			<Alt></Alt>	
			<Shift></Shift>
			<ScrollUp></ScrollUp>
			<ScrollDown></ScrollDown>
		</MouseKeyModifierFrame>
		<ModifierPress>
			<Title></Title>
			<Before></Before>
			<After></After>
			<Either></Either>
		</ModifierPress>
		<AvailableActionsFrame>
			<Title></Title>
			<Info></Info>
			<Insert></Insert>
			<Messages>
				<Info>
					<Description></Description>
					<Usage></Usage>
					<Returns></Returns>
					<Parameters></Parameters>
				</Info>
			</Messages>
		</AvailableActionsFrame>
		<Application>
			<OwnerTitle></OwnerTitle>
			<OwnerTitlePattern></OwnerTitlePattern>
			<OwnerClassName></OwnerClassName>
			<OwnerClassNamePattern></OwnerClassNamePattern>
			<ParentTitle></ParentTitle>
			<ParentTitlePattern></ParentTitlePattern>
			<ParentClassName></ParentClassName>
			<ParentClassNamePattern></ParentClassNamePattern>
			<ControlTitle></ControlTitle>
			<ControlTitlePattern></ControlTitlePattern>
			<ControlClassName></ControlClassName>
			<ControlClassNamePattern></ControlClassNamePattern>
			<ControlID></ControlID>
			<FilePathPattern></FilePathPattern>
			<FileName></FileName>
			<FileNamePattern></FileNamePattern>
			<DoNotProcess></DoNotProcess>
			<FindWindowFrame></FindWindowFrame>
			<Qualifiers></Qualifiers>
			<Active></Active>
		</Application>
		<FormText>
			<NoGestureRequired></NoGestureRequired>
			<LuaScriptTitle></LuaScriptTitle>
		</FormText>
		<FormButtons>
			<AddApp></AddApp>
			<AddAction></AddAction>
			<Rename></Rename>
			<Delete></Delete>
			<Save></Save>
			<Autosave></Autosave>
			<Report></Report>
			<Help></Help>
			<Close></Close>
		</FormButtons>
		<Messages>
			<CloseNameWindow></CloseNameWindow>
			<CloseNameWindowTitle></CloseNameWindowTitle>
			<DeleteTreeItem></DeleteTreeItem>
			<DeleteTreeItemTitle></DeleteTreeItemTitle>
			<NewGesture></NewGesture>
			<NewGestureTitle></NewGestureTitle>
			<DeleteGesture></DeleteGesture>
			<DeleteGestureTitle></DeleteGestureTitle>
			<ActionConflict></ActionConflict>
			<ActionConflictTitle></ActionConflictTitle>
		</Messages>
		<Active></Active>
	</Actions>
	<Report>
		<Title></Title>
		<TopText></TopText>
		<Columns>
			<Gesture></Gesture>
			<GestureName></GestureName>
			<Modifiers></Modifiers>
			<AppName></AppName>
			<ActionName></ActionName>
			<LuaScript></LuaScript>
		</Columns>
		<Refresh></Refresh>
		<Close></Close>
	</Report>	
	<Ignored>
		<Title></Title>
		<AddPopupTitle></AddPopupTitle>
		<RenamePopupTitle></RenamePopupTitle>
		<OwnerTitle></OwnerTitle>
		<OwnerTitlePattern></OwnerTitlePattern>
		<OwnerClassName></OwnerClassName>
		<OwnerClassNamePattern></OwnerClassNamePattern>
		<ParentTitle></ParentTitle>
		<ParentTitlePattern></ParentTitlePattern>
		<ParentClassName></ParentClassName>
		<ParentClassNamePattern></ParentClassNamePattern>
		<ControlTitle></ControlTitle>
		<ControlTitlePattern></ControlTitlePattern>
		<ControlClassName></ControlClassName>
		<ControlClassNamePattern></ControlClassNamePattern>
		<ControlID></ControlID>
		<FilePathPattern></FilePathPattern>
		<FileName></FileName>
		<FileNamePattern></FileNamePattern>
		<FindWindowFrame></FindWindowFrame>	
		<DisableOnActivate></DisableOnActivate>
		<Qualifiers></Qualifiers>
		<Active></Active>
		<Help></Help>
		<Close></Close>
		<Add></Add>
		<Rename></Rename>
		<Delete></Delete>
		<Save></Save>
		<Messages>
			<CloseNameWindow></CloseNameWindow>
			<CloseNameWindowTitle></CloseNameWindowTitle>
			<DeleteItem></DeleteItem>
			<DeleteItemTitle></DeleteItemTitle>
		</Messages>		
	</Ignored>
	<Name>
		<Title></Title>
		<Name></Name>
		<Messages>
			<IgnoredExists></IgnoredExists>
			<IgnoredExistsTitle></IgnoredExistsTitle>
			<AppExists></AppExists>
			<AppExistsTitle></AppExistsTitle>
			<ActionExists></ActionExists>
			<ActionExistsTitle></ActionExistsTitle>
			<GestureExists></GestureExists>
			<GestureExistsTitle></GestureExistsTitle>
			<HotkeyExists></HotkeyExists>
			<HotkeyExistsTitle></HotkeyExistsTitle>
		</Messages>			
	</Name>
	<SaveGesture>
		<Title></Title>
		<NameGesture></NameGesture>
		<Info></Info>
		<Save></Save>
		<Cancel></Cancel>
	</SaveGesture>
	<Menu>
		<CloseMenu></CloseMenu>
		<TrainingMode></TrainingMode>
		<Right></Right>
		<Middle></Middle>
		<Left></Left>
		<X1></X1>
		<X2></X2>
		<Control></Control>
		<Alt></Alt>	
		<Shift></Shift>	
		<Spacebar></Spacebar>
		<DrawGestures></DrawGestures>
		<Disable></Disable>
		<Ignored></Ignored>
		<Hotkeys></Hotkeys>
		<Actions></Actions>
		<Preferences></Preferences>
		<Reload></Reload>
		<Password></Password>
		<About></About>
		<Help></Help>
		<Exit></Exit>
		<Cut></Cut>
		<Copy></Copy>
		<Paste></Paste>		
	</Menu>
	<Icon>
		<NormalCaption></NormalCaption>
		<TrainingCaption></TrainingCaption>
		<DisabledCaption></DisabledCaption>
		<IgnoringGestures></IgnoringGestures>
	</Icon>
	<About>
		<Title></Title>
		<Close></Close>
		<StrokesPlus></StrokesPlus>
		<Version></Version>
		<ReleaseDate></ReleaseDate>
	</About>	
	<LuaTab>
		<Title></Title>
		<Text></Text>
	</LuaTab>	
	<Password>
		<Title></Title>
		<ChangeTitle></ChangeTitle>
		<SetText></SetText>
		<EnterText></EnterText>
		<ChangeText></ChangeText>
		<Password></Password>
		<CurrentPassword></CurrentPassword>
		<NewPassword></NewPassword>
		<OK></OK>
		<Cancel></Cancel>
		<MatchFailMessage></MatchFailMessage>
		<MatchFailTitle></MatchFailTitle>
	</Password>	
	<Hotkeys>
		<Title></Title>
		<HotkeysFrame>
			<Title></Title>
			<Modifiers>
				<None></None>
				<Control></Control>
				<Alt></Alt>
				<Shift></Shift>
				<Win></Win>
			</Modifiers>
			<Modifier1></Modifier1>
			<Modifier2></Modifier2>
			<Modifier3></Modifier3>
			<Modifier4></Modifier4>
			<Key></Key>
			<Keys>
				<None></None>
				<0></0>
				<1></1>
				<2></2>
				<3></3>
				<4></4>
				<5></5>
				<6></6>
				<7></7>
				<8></8>
				<9></9>
				<NUMPAD0></NUMPAD0>
				<NUMPAD1></NUMPAD1>
				<NUMPAD2></NUMPAD2>
				<NUMPAD3></NUMPAD3>
				<NUMPAD4></NUMPAD4>
				<NUMPAD5></NUMPAD5>
				<NUMPAD6></NUMPAD6>
				<NUMPAD7></NUMPAD7>
				<NUMPAD8></NUMPAD8>
				<NUMPAD9></NUMPAD9>
				<Multiply></Multiply>
				<Add></Add>
				<Subtract></Subtract>
				<Decimal></Decimal>
				<Divide></Divide>
				<A></A>
				<B></B>
				<C></C>
				<D></D>
				<E></E>
				<F></F>
				<G></G>
				<H></H>
				<I></I>
				<J></J>
				<K></K>
				<L></L>
				<M></M>
				<N></N>
				<O></O>
				<P></P>
				<Q></Q>
				<R></R>
				<S></S>
				<T></T>
				<U></U>
				<V></V>
				<W></W>
				<X></X>
				<Y></Y>
				<Z></Z>
				<F1></F1>
				<F2></F2>
				<F3></F3>
				<F4></F4>
				<F5></F5>
				<F6></F6>
				<F7></F7>
				<F8></F8>
				<F9></F9>
				<F10></F10>
				<F11></F11>
				<F12></F12>
				<BACKSLASH></BACKSLASH>
				<BACKSPACE></BACKSPACE>
				<CAPSLOCK></CAPSLOCK>
				<COMMA></COMMA>
				<DASH></DASH>
				<DELETE></DELETE>
				<DOWNARROW></DOWNARROW>
				<END></END>
				<ENTER></ENTER>
				<ESCAPE></ESCAPE>
				<GRAVE></GRAVE>
				<HOME></HOME>
				<INSERT></INSERT>
				<LEFTARROW></LEFTARROW>
				<LBRACE></LBRACE>
				<NUMLOCK></NUMLOCK>
				<PAGEDOWN></PAGEDOWN>
				<PAGEUP></PAGEUP>
				<PAUSE></PAUSE>
				<PERIOD></PERIOD>
				<PRINTSCREEN></PRINTSCREEN>
				<QUOTE></QUOTE>
				<RIGHTARROW></RIGHTARROW>
				<RBRACE></RBRACE>
				<SCROLLLOCK></SCROLLLOCK>
				<SLASH></SLASH>
				<SPACEBAR></SPACEBAR>
				<TAB></TAB>
				<UPARROW></UPARROW>
				<BROWSER_BACK></BROWSER_BACK>
				<BROWSER_FORWARD></BROWSER_FORWARD>
				<BROWSER_REFRESH></BROWSER_REFRESH>
				<BROWSER_STOP></BROWSER_STOP>
				<BROWSER_SEARCH></BROWSER_SEARCH>
				<BROWSER_FAVORITES></BROWSER_FAVORITES>
				<BROWSER_HOME></BROWSER_HOME>
				<VOLUME_MUTE></VOLUME_MUTE>
				<VOLUME_DOWN></VOLUME_DOWN>
				<VOLUME_UP></VOLUME_UP>
				<MEDIA_NEXT_TRACK></MEDIA_NEXT_TRACK>
				<MEDIA_PREV_TRACK></MEDIA_PREV_TRACK>
				<MEDIA_STOP></MEDIA_STOP>
				<MEDIA_PLAY_PAUSE></MEDIA_PLAY_PAUSE>
				<LAUNCH_MAIL></LAUNCH_MAIL>
				<LAUNCH_MEDIA_SELECT></LAUNCH_MEDIA_SELECT>
				<LAUNCH_APP1></LAUNCH_APP1>
				<LAUNCH_APP2></LAUNCH_APP2>				
			</Keys>
		</HotkeysFrame>
		<FormText>
			<LuaScriptTitle></LuaScriptTitle>
			<InfoText></InfoText>
		</FormText>
		<FormButtons>
			<AddHotkey></AddHotkey>
			<Rename></Rename>
			<Delete></Delete>
		</FormButtons>
		<AvailableActionsFrame>
			<Title></Title>
			<Info></Info>
			<Insert></Insert>
			<Messages>
				<InfoPopup>
					<Description></Description>
					<Usage></Usage>
					<Returns></Returns>
					<Parameters></Parameters>
				</InfoPopup>
			</Messages>
		</AvailableActionsFrame>	
		<AddHotkeyPopupTitle></AddHotkeyPopupTitle>
		<RenameHotkeyPopupTitle></RenameHotkeyPopupTitle>
		<Active></Active>
		<Messages>
			<HotkeyFailure></HotkeyFailure>
			<HotkeyFailureTitle></HotkeyFailureTitle>
			<HotkeyConflict></HotkeyConflict>
			<HotkeyConflictSave></HotkeyConflictSave>
			<HotkeyConflictTitle></HotkeyConflictTitle>
			<DeleteTreeItem></DeleteTreeItem>
			<DeleteTreeItemTitle></DeleteTreeItemTitle>
		</Messages>			
	</Hotkeys>
</language>