<actionshelp>
	<groups>
		<group name="---- 1.脚本可用变量 ----">
			<actions>
				<action name="sp_app_name 程序名">
					<parameters>
					</parameters>
					<return type="string"></return>
					<signature>sp_app_name</signature>
					<description>匹配程序的名称</description>
					<example>local strApp = sp_app_name</example>
					<snippet>sp_app_name</snippet>
				</action>
				<action name="sp_action_name 操作名">
					<parameters>
					</parameters>
					<return type="string"></return>
					<signature>sp_action_name</signature>
					<description>匹配操作的名称</description>
					<example>local strAction = sp_action_name</example>
					<snippet>sp_action_name</snippet>
				</action>
				<action name="sp_gesture_name 手势名">
					<parameters>
					</parameters>
					<return type="string"></return>
					<signature>sp_gesture_name</signature>
					<description>匹配手势的名称</description>
					<example>local strGesture = sp_gesture_name</example>
					<snippet>sp_gesture_name</snippet>
				</action>
				<action name="sp_gesture_start_x 手势开始X坐标">
					<parameters>
					</parameters>
					<return type="number"></return>
					<signature>sp_gesture_start_x</signature>
					<description>手势开始时的X坐标</description>
					<example>local iGestureStartX = sp_gesture_start_x</example>
					<snippet>sp_gesture_start_x</snippet>
				</action>
				<action name="sp_gesture_start_y 手势开始Y坐标">
					<parameters>
					</parameters>
					<return type="number"></return>
					<signature>sp_gesture_start_y</signature>
					<description>手势开始时的Y坐标</description>
					<example>local iGestureStartY = sp_gesture_start_y</example>
					<snippet>sp_gesture_start_y</snippet>
				</action>
				<action name="sp_gesture_end_x 手势结束X坐标">
					<parameters>
					</parameters>
					<return type="number"></return>
					<signature>sp_gesture_end_x</signature>
					<description>手势结束时的X坐标</description>
					<example>local iGestureEndX = sp_gesture_end_x</example>
					<snippet>sp_gesture_end_x</snippet>
				</action>
				<action name="sp_gesture_end_y 手势结束Y坐标">
					<parameters>
					</parameters>
					<return type="number"></return>
					<signature>sp_gesture_end_y</signature>
					<description>手势结束时的Y坐标</description>
					<example>local iGestureEndY = sp_gesture_end_y</example>
					<snippet>sp_gesture_end_y</snippet>
				</action>
				<action name="sp_wheel_delta 滚轮增量差值">
					<parameters>
					</parameters>
					<return type="number"></return>
					<signature>sp_wheel_delta</signature>
					<description>鼠标滚轮滚动的增量差值【正数或负数】，标准鼠标滚轮每滚一下为120。</description>
					<example>local iGestureWheelDelta = sp_wheel_delta</example>
					<snippet>sp_wheel_delta</snippet>
				</action>
				<action name="gapp 程序名">
					<parameters>
					</parameters>
					<return type="string"></return>
					<signature>gapp</signature>
					<description>匹配程序的名称</description>
					<example>local strApp = gapp</example>
					<snippet>gapp</snippet>
				</action>
				<action name="gact 操作名">
					<parameters>
					</parameters>
					<return type="string"></return>
					<signature>gact</signature>
					<description>匹配操作的名称</description>
					<example>local strAction = gact</example>
					<snippet>gact</snippet>
				</action>
				<action name="gnm 手势名">
					<parameters>
					</parameters>
					<return type="string"></return>
					<signature>gnm</signature>
					<description>匹配手势的名称</description>
					<example>local strGesture = gnm</example>
					<snippet>gnm</snippet>
				</action>
				<action name="gsx 手势开始X坐标">
					<parameters>
					</parameters>
					<return type="number"></return>
					<signature>gsx</signature>
					<description>手势开始时的X坐标</description>
					<example>local iGestureStartX = gsx</example>
					<snippet>gsx</snippet>
				</action>
				<action name="gsy 手势开始Y坐标">
					<parameters>
					</parameters>
					<return type="number"></return>
					<signature>gsy</signature>
					<description>手势开始时的Y坐标</description>
					<example>local iGestureStartY = gsy</example>
					<snippet>gsy</snippet>
				</action>
				<action name="gex 手势结束X坐标">
					<parameters>
					</parameters>
					<return type="number"></return>
					<signature>gex</signature>
					<description>手势结束时的X坐标</description>
					<example>local iGestureEndX = gex</example>
					<snippet>gex</snippet>
				</action>
				<action name="gey 手势结束Y坐标">
					<parameters>
					</parameters>
					<return type="number"></return>
					<signature>gey</signature>
					<description>手势结束时的Y坐标</description>
					<example>local iGestureEndY = gey</example>
					<snippet>gey</snippet>
				</action>
				<action name="gwd 滚轮增量差值">
					<parameters>
					</parameters>
					<return type="number"></return>
					<signature>gwd</signature>
					<description>鼠标滚轮滚动的增量差值【正数或负数】，标准鼠标滚轮每滚一下为120</description>
					<example>local iGestureWheelDelta = gwd</example>
					<snippet>gwd</snippet>
				</action>
				<action name="gbl 左侧边界">
					<parameters>
					</parameters>
					<return type="number"></return>
					<signature>gbl</signature>
					<description>左侧的坐标边界(可画手势的最左侧X坐标)</description>
					<example>local iGestureBoundingLeft = gbl</example>
					<snippet>gbl</snippet>
				</action>
				<action name="gbt 顶部边界">
					<parameters>
					</parameters>
					<return type="number"></return>
					<signature>gbt</signature>
					<description>顶部的坐标边界(可画手势的最顶部Y坐标)</description>
					<example>local iGestureBoundingTop = gbt</example>
					<snippet>gbt</snippet>
				</action>
				<action name="gbr 右侧边界">
					<parameters>
					</parameters>
					<return type="number"></return>
					<signature>gbr</signature>
					<description>右侧的坐标边界(可画手势的最右侧X坐标)</description>
					<example>local iGestureBoundingRight = gbr</example>
					<snippet>gbr</snippet>
				</action>
				<action name="gbb 底部边界">
					<parameters>
					</parameters>
					<return type="number"></return>
					<signature>gbb</signature>
					<description>底部的坐标边界(可画手势的最底部Y坐标)</description>
					<example>local iGestureBoundingBottom = gbb</example>
					<snippet>gbb</snippet>
				</action>
			</actions>
		</group>
		<group name="---- 2.定位窗口操作 ----">
			<actions>
				<action name="acFindWindow 查找窗口">
					<parameters>
						<parameter name="classname">被寻找窗口的类名</parameter>
						<parameter name="title">被寻找窗口的标题</parameter>
					</parameters>
					<return type="number">窗口句柄，找不到返回0</return>
					<signature>acFindWindow(classname, title)</signature>
					<description>通过类名和标题查找窗口，精确匹配。查找时通过 nil 排除任一参数。
例如，acFindWindow("Winamp v1.x",nil)将忽略标题找出Winamp类名的窗口。</description>
					<example>local iHandle = acFindWindow("Notepad", "Untitled - Notepad")</example>
					<snippet>acFindWindow("class","title") --Pass nil in place of either parameter to exclude</snippet>
				</action>
				<action name="acFindWindowByTitleRegex 通过标题正则表达式查找窗口">
					<signature>acFindWindowByTitleRegex(titlepattern)</signature>
					<parameters>
						<parameter name="titlepattern">查找窗口标题时使用的正则表达式</parameter>
					</parameters>
					<return type="number">窗口句柄，找不到返回0</return>
					<description>找到第一个与标题正则表达式匹配的窗口</description>
					<example>acFindWindowByTitleRegex(titlepattern)</example>
					<snippet>acFindWindowByTitleRegex("titlepattern") --regular expression</snippet>
				</action>
				<action name="acGetAllWindows 获取所有窗口句柄">
					<signature>acGetAllWindows(toplevel)</signature>
					<parameters>
						<parameter name="toplevel">0返回所有窗口句柄（非常多），1返回top-level窗口句柄（推荐）</parameter>
					</parameters>
					<return type="number"></return>
					<description>用返回的窗口句柄填充sp_all_windows表。你不需要定义sp_all_windows表。</description>
					<example>acGetAllWindows(toplevel)</example>
					<snippet>acGetAllWindows(1) --sample returns only top-level windows into sp_all_windows (you don't need to define this table)</snippet>
				</action>
				<action name="acGetOwnerWindowByPoint 通过点查找Owner窗口">
					<signature>acGetOwnerWindowByPoint(x, y)</signature>
					<parameters>
						<parameter name="x">窗口的X坐标(左起)</parameter>
						<parameter name="y">窗口的Y坐标(上起)</parameter>
					</parameters>
					<return type="number"></return>
					<description>返回目标窗口所属Owner窗口的句柄</description>
					<example>acGetOwnerWindowByPoint(x, y)</example>
					<snippet>acGetOwnerWindowByPoint(gsx, gsy) --sample uses the gesture start coordinates (gsx and gsy)</snippet>
				</action>
				<action name="acGetParentWindowByPoint 通过点查找Parent窗口">
					<signature>acGetParentWindowByPoint(gsx, gsy) --sample uses the gesture start coordinates (gsx and gsy)</signature>
					<parameters>
						<parameter name="x">窗口的X坐标(左起)</parameter>
						<parameter name="y">窗口的Y坐标(上起)</parameter>
					</parameters>
					<return type="number"></return>
					<description>返回目标窗口所属Parent窗口的句柄</description>
					<example>acGetParentWindowByPoint(x, y)</example>
					<snippet>acGetParentWindowByPoint(gsx, gsy) --sample uses the gesture start coordinates (gsx and gsy)</snippet>
				</action>
				<action name="acGetWindowByPoint 通过点查找窗口">
					<signature>acGetWindowByPoint(x, y)</signature>
					<parameters>
						<parameter name="x">窗口的X坐标(左起)</parameter>
						<parameter name="y">窗口的Y坐标(上起)</parameter>
					</parameters>
					<return type="number"></return>
					<description>返回指定坐标窗口的句柄</description>
					<example>acGetWindowByPoint(x, y)</example>
					<snippet>acGetWindowByPoint(gsx, gsy) --sample uses the gesture start coordinates (gsx and gsy)</snippet>
				</action>
				<action name="acGetForegroundWindow 查找前台窗口">
					<signature>acGetForegroundWindow()</signature>
					<parameters/>
					<return type="number"></return>
					<description>返回当前活动的前台窗口的句柄</description>
					<example>acGetForegroundWindow()</example>
					<snippet>acGetForegroundWindow()</snippet>
				</action>
				<action name="acGetDesktopWindow 查找桌面">
					<signature>acGetDesktopWindow()</signature>
					<parameters/>
					<return type="number"></return>
					<description>返回桌面的句柄</description>
					<example>acGetDesktopWindow()</example>
					<snippet>acGetDesktopWindow()</snippet>
				</action>
			</actions>
		</group>
		<group name="---- 3.窗口状态操作 ----">
			<actions>
				<action name="acActivateWindow 激活窗口">
					<signature>acActivateWindow(hwndTarget, x, y, method)</signature>
					<parameters>
						<parameter name="hwndTarget">被激活窗口的句柄；nil将使用x和y定位窗口</parameter>
						<parameter name="x">被激活窗口的X坐标(左起)</parameter>
						<parameter name="y">被激活窗口的Y坐标(上起)</parameter>
						<parameter name="method">激活窗口的方法：0为标准，1为thread input，2为temporary ALT keypress。
先使用0(默认值)，只有0没用时再尝试其他。</parameter>
					</parameters>
					<return type="number">总是1</return>
					<description>激活指定坐标的窗口</description>
					<example>acActivateWindow(hwndTarget, x, y, method)</example>
					<snippet>acActivateWindow(nil, gsx, gsy, 0) --sample uses the gesture start coordinates (gsx and gsy) and the standard method for activating a window</snippet>
				</action>
				<action name="acPauseResumeThreadList 暂停或恢复线程">
					<signature>acPauseResumeThreadList(hwndTarget, x, y, resume)</signature>
					<parameters>
						<parameter name="hwndTarget">窗口的句柄；nil将使用x和y定位窗口</parameter>
						<parameter name="x">窗口的X坐标(左起)</parameter>
						<parameter name="y">窗口的Y坐标(上起)</parameter>
						<parameter name="resume">(0为假，1为真)真为恢复线程，假为暂停线程</parameter>
					</parameters>
					<return type="number">总是1</return>
					<description>暂停或恢复指定窗口的所有线程。这是非常危险和不推荐的，事实上本人或微软都不推荐这么做。</description>
					<example>acPauseResumeThreadList(hwndTarget, x, y, resume)</example>
					<snippet>acPauseResumeThreadList(nil, gsx, gsy, 0) --sample uses the gesture start coordinates (gsx and gsy) and defaults to pause (not resume)</snippet>
				</action>
				<action name="acSetProcessPriority 设置进程优先级">
					<signature>acSetProcessPriority(hwndTarget, x, y, priority)</signature>
					<parameters>
						<parameter name="hwndTarget">窗口的句柄；nil将使用x和y定位窗口</parameter>
						<parameter name="x">窗口的X坐标(左起)</parameter>
						<parameter name="y">窗口的Y坐标(上起)</parameter>
						<parameter name="priority">(整数)新优先级的值(根据微软网站上的dwPriorityClass值)</parameter>
					</parameters>
					<return type="number">总是1</return>
					<description>设置指定窗口的进程优先级</description>
					<example>acSetProcessPriority(hwndTarget, x, y, priority)</example>
					<snippet>acSetProcessPriority(nil, gsx, gsy, 0x00000020) --sample uses the gesture start coordinates (gsx and gsy) and sets process to normal priority</snippet>
				</action>
				<action name="acTerminateProcess 结束进程">
					<signature>acTerminateProcess(hwndTarget, x, y)</signature>
					<parameters>
						<parameter name="hwndTarget">窗口的句柄；nil将使用x和y定位窗口</parameter>
						<parameter name="x">窗口的X坐标(左起)</parameter>
						<parameter name="y">窗口的Y坐标(上起)</parameter>
					</parameters>
					<return type="number">总是1</return>
					<description>结束指定窗口的主要进程。这不会提醒你保存文件。</description>
					<example>acTerminateProcess(hwndTarget, x, y)</example>
					<snippet>acTerminateProcess(nil, gsx, gsy) --sample uses the gesture start coordinates (gsx and gsy)</snippet>
				</action>
				<action name="acCloseApplication 关闭程序">
					<signature>acCloseApplication(hwndTarget, x, y)</signature>
					<parameters>
						<parameter name="hwndTarget">被关闭窗口的句柄；nil将使用x和y定位窗口</parameter>
						<parameter name="x">被关闭窗口的X坐标(左起)</parameter>
						<parameter name="y">被关闭窗口的Y坐标(上起)</parameter>
					</parameters>
					<return type="number">总是1</return>
					<description>关闭指定坐标的窗口</description>
					<example>acCloseApplication(hwndTarget, x, y)</example>
					<snippet>acCloseApplication(nil, gsx, gsy) --sample uses the gesture start coordinates (gsx and gsy)</snippet>
				</action>
			</actions>
		</group>
		<group name="---- 4.窗口放置操作 ----">
			<actions>
				<action name="acMoveWindow 移动窗口">
					<signature>acMoveWindow(hwndTarget, x, y, left, top)</signature>
					<parameters>
						<parameter name="hwndTarget">被移动窗口的句柄；nil将使用x和y定位窗口</parameter>
						<parameter name="x">被移动窗口的X坐标(左侧)</parameter>
						<parameter name="y">被移动窗口的Y坐标(顶部)</parameter>
						<parameter name="left">窗口位置的新X坐标(左侧)</parameter>
						<parameter name="top">窗口位置的新Y坐标(顶部)</parameter>
					</parameters>
					<return type="number">总是1</return>
					<description>移动指定坐标的窗口</description>
					<example>acMoveWindow(hwndTarget, x, y, left, top)</example>
					<snippet>acMoveWindow(nil, gsx, gsy, 10, 10) --sample uses the gesture start coordinates (gsx and gsy) and moves the window to position 10, 10</snippet>
				</action>
				<action name="acMinimizeWindow 最小化窗口">
					<signature>acMinimizeWindow(hwndTarget, x, y)</signature>
					<parameters>
						<parameter name="hwndTarget">被最小化窗口的句柄；nil将使用x和y定位窗口</parameter>
						<parameter name="x">被最小化窗口的X坐标(左起)</parameter>
						<parameter name="y">被最小化窗口的Y坐标(上起)</parameter>
					</parameters>
					<return type="number">总是1</return>
					<description>最小化指定坐标的窗口</description>
					<example>acMinimizeWindow(hwndTarget, x, y)</example>
					<snippet>acMinimizeWindow(nil, gsx, gsy) --sample uses the gesture start coordinates (gsx and gsy)</snippet>
				</action>
				<action name="acRestoreWindow 还原窗口">
					<signature>acRestoreWindow(hwndTarget, x, y)</signature>
					<parameters>
						<parameter name="hwndTarget">窗口的句柄；nil将使用x和y定位窗口</parameter>
						<parameter name="x">窗口的X坐标(左起)</parameter>
						<parameter name="y">窗口的Y坐标(上起)</parameter>
					</parameters>
					<return type="number">总是1</return>
					<description>还原指定坐标的窗口</description>
					<example>acRestoreWindow(hwndTarget, x, y)</example>
					<snippet>acRestoreWindow(nil, gsx, gsy) --sample uses the gesture start coordinates (gsx and gsy)</snippet>
				</action>
				<action name="acMaximizeWindow 最大化窗口">
					<signature>acMaximizeWindow(hwndTarget, x, y)</signature>
					<parameters>
						<parameter name="hwndTarget">被最大化窗口的句柄；nil将使用x和y定位窗口</parameter>
						<parameter name="x">被最大化窗口的X坐标(左起)</parameter>
						<parameter name="y">被最大化窗口的Y坐标(上起)</parameter>
					</parameters>
					<return type="number">总是1</return>
					<description>最大化指定坐标的窗口</description>
					<example>acMaximizeWindow(hwndTarget, x, y)</example>
					<snippet>acMaximizeWindow(nil, gsx, gsy) --sample uses the gesture start coordinates (gsx and gsy)</snippet>
				</action>
				<action name="acMaximizeOrRestoreWindow 最大化/还原窗口">
					<signature>acMaximizeOrRestoreWindow(hwndTarget, x, y)</signature>
					<parameters>
						<parameter name="hwndTarget">被最大化/还原窗口的句柄；nil将使用x和y定位窗口</parameter>
						<parameter name="x">被最大化/还原窗口的X坐标(左起)</parameter>
						<parameter name="y">被最大化/还原窗口的Y坐标(上起)</parameter>
					</parameters>
					<return type="number">总是1</return>
					<description>根据状态最大化/还原指定坐标的窗口</description>
					<example>acMaximizeOrRestoreWindow(hwndTarget, x, y)</example>
					<snippet>acMaximizeOrRestoreWindow(nil, gsx, gsy) --sample uses the gesture start coordinates (gsx and gsy)</snippet>
				</action>
				<action name="acTileWindows 平铺窗口">
					<signature>acTileWindows(mode, area, method)</signature>
					<parameters>
						<parameter name="mode">1纵向平铺，2横向平铺</parameter>
						<parameter name="area">0在手势开始屏幕平铺窗口，1跨越所有虚拟桌面平铺窗口</parameter>
						<parameter name="method">0使用StrokesPlus处理平铺，1使用Window处理平铺</parameter>
					</parameters>
					<return type="number">总是1</return>
					<description>在一个屏幕或所有屏幕中纵向或横向平铺所有打开的窗口。需要注意的是，一些非标准创建的窗口可能无法正确定位。我将继续完善这个操作。</description>
					<example>acTileWindows(1, 0, 0)</example>
					<snippet>acTileWindows(2, 0, 0)  --sample defaults to tile horizontally, only on the screen where the gesture started, and tells S+ to handle the tiling (not Windows)</snippet>
				</action>
			</actions>
		</group>
		<group name="---- 5.窗口大小操作 ----">
			<actions>
				<action name="acGetWindowBottom 获取窗口底部坐标">
					<signature>acGetWindowBottom(hwndTarget, x, y)</signature>
					<parameters>
						<parameter name="hwndTarget">被请求的窗口句柄(如果为nil，将用x和y坐标来获取窗口)</parameter>
						<parameter name="x">如果没有指定目标句柄，将使用鼠标x和y坐标获得窗口句柄</parameter>
						<parameter name="y">同上</parameter>
					</parameters>
					<return type="number"></return>
					<description>获取指定窗口的CY坐标(底部)</description>
					<example>acGetWindowBottom(hwndTarget, x, y)</example>
					<snippet>acGetWindowBottom(nil, gsx, gsy) --sample uses the gesture start coordinates (gsx and gsy)</snippet>
				</action>
				<action name="acGetWindowLeft 获取窗口左侧坐标">
					<signature>acGetWindowLeft(hwndTarget, x, y)</signature>
					<parameters>
						<parameter name="hwndTarget">被请求的窗口句柄(如果为nil，将用x和y坐标来获取窗口)</parameter>
						<parameter name="x">如果没有指定目标句柄，将使用鼠标x和y坐标获得窗口句柄</parameter>
						<parameter name="y">同上</parameter>
					</parameters>
					<return type="number"></return>
					<description>获取指定窗口的X坐标(左侧)</description>
					<example>acGetWindowLeft(hwndTarget, x, y)</example>
					<snippet>acGetWindowLeft(nil, gsx, gsy) --sample uses the gesture start coordinates (gsx and gsy)</snippet>
				</action>
				<action name="acGetWindowRight 获取窗口右侧坐标">
					<signature>acGetWindowRight(hwndTarget, x, y)</signature>
					<parameters>
						<parameter name="hwndTarget">被请求的窗口句柄(如果为nil，将用x和y坐标来获取窗口)</parameter>
						<parameter name="x">如果没有指定目标句柄，将使用鼠标x和y坐标获得窗口句柄</parameter>
						<parameter name="y">同上</parameter>
					</parameters>
					<return type="number"></return>
					<description>获取指定窗口的CX坐标(右侧)</description>
					<example>acGetWindowRight(hwndTarget, x, y)</example>
					<snippet>acGetWindowRight(nil, gsx, gsy) --sample uses the gesture start coordinates (gsx and gsy)</snippet>
				</action>
				<action name="acGetWindowTop 获取窗口顶部坐标">
					<signature>acGetWindowTop(hwndTarget, x, y)</signature>
					<parameters>
						<parameter name="hwndTarget">被请求的窗口句柄(如果为nil，将用x和y坐标来获取窗口)</parameter>
						<parameter name="x">如果没有指定目标句柄，将使用鼠标x和y坐标获得窗口句柄</parameter>
						<parameter name="y">同上</parameter>
					</parameters>
					<return type="number"></return>
					<description>获取指定窗口的Y坐标(顶部)</description>
					<example>acGetWindowTop(hwndTarget, x, y)</example>
					<snippet>acGetWindowTop(nil, gsx, gsy) --sample uses the gesture start coordinates (gsx and gsy)</snippet>
				</action>
				<action name="acSetWindowSize 设置窗口大小">
					<signature>acSetWindowSize(hwndTarget, x, y, width, height)</signature>
					<parameters>
						<parameter name="hwndTarget">被移动和调整大小的窗口的句柄; nil将使用x和y定位窗口</parameter>
						<parameter name="x">被移动和调整大小的窗口的X坐标(左侧)</parameter>
						<parameter name="y">被移动和调整大小的窗口的Y坐标(顶部)</parameter>
						<parameter name="width">窗口的新宽度</parameter>
						<parameter name="height">窗口的新高度</parameter>
					</parameters>
					<return type="number">总是1</return>
					<description>移动和调整指定坐标窗口的宽度和高度</description>
					<example>acSetWindowSize(hwndTarget, x, y, width, height)</example>
					<snippet>acSetWindowSize(nil, gsx, gsy, 500, 500) --sample uses the gesture start coordinates (gsx and gsy) and sizes the window to 500 by 500</snippet>
				</action>
			</actions>
		</group>
		<group name="---- 6.窗口顺序操作 ----">
			<actions>
				<action name="acSetTopmost 置顶">
					<signature>acSetTopmost(hwndTarget, x, y)</signature>
					<parameters>
						<parameter name="hwndTarget">窗口的句柄; nil将使用x和y定位窗口</parameter>
						<parameter name="x">窗口的X坐标(左侧)</parameter>
						<parameter name="y">窗口的Y坐标(顶部)</parameter>
					</parameters>
					<return type="number">总是1</return>
					<description>设置窗口置顶标记为开</description>
					<example>acSetTopmost(hwndTarget, x, y)</example>
					<snippet>acSetTopmost(nil, gsx, gsy) --sample uses the gesture start coordinates (gsx and gsy)</snippet>
				</action>
				<action name="acClearTopmost 清除置顶">
					<signature>acClearTopmost(hwndTarget, x, y)</signature>
					<parameters>
						<parameter name="hwndTarget">窗口的句柄; nil将使用x和y定位窗口</parameter>
						<parameter name="x">窗口的X坐标(左侧)</parameter>
						<parameter name="y">窗口的Y坐标(顶部)</parameter>
					</parameters>
					<return type="number">总是1</return>
					<description>清除窗口置顶标记</description>
					<example>acClearTopmost(hwndTarget, x, y)</example>
					<snippet>acClearTopmost(nil, gsx, gsy) --sample uses the gesture start coordinates (gsx and gsy)</snippet>
				</action>
				<action name="acToggleTopmost 切换置顶">
					<signature>acToggleTopmost(hwndTarget, x, y)</signature>
					<parameters>
						<parameter name="hwndTarget">窗口的句柄; nil将使用x和y定位窗口</parameter>
						<parameter name="x">窗口的X坐标(左侧)</parameter>
						<parameter name="y">窗口的Y坐标(顶部)</parameter>
					</parameters>
					<return type="number">总是1</return>
					<description>切换窗口置顶标记为开或关</description>
					<example>acToggleTopmost(hwndTarget, x, y)</example>
					<snippet>acToggleTopmost(nil, gsx, gsy) --sample uses the gesture start coordinates (gsx and gsy)</snippet>
				</action>
				<action name="acSendWindowToBottom 置底">
					<signature>acSendWindowToBottom(hwndTarget, x, y)</signature>
					<parameters>
						<parameter name="hwndTarget">窗口的句柄; nil将使用x和y定位窗口</parameter>
						<parameter name="x">窗口的X坐标(左侧)</parameter>
						<parameter name="y">窗口的Y坐标(顶部)</parameter>
					</parameters>
					<return type="number">总是1</return>
					<description>将指定的窗口置底</description>
					<example>acSendWindowToBottom(hwndTarget, x, y)</example>
					<snippet>acSendWindowToBottom(nil, gsx, gsy) --sample uses the gesture start coordinates (gsx and gsy)</snippet>
				</action>
				<action name="acPreviousApplication 上一个程序">
					<signature>acPreviousApplication()</signature>
					<parameters/>
					<return type="number">总是1</return>
					<description>如按一次ALT+TAB一样切换到上一个窗口</description>
					<example>acPreviousApplication()</example>
					<snippet>acPreviousApplication()</snippet>
				</action>
				<action name="acNextApplication 下一个程序">
					<signature>acNextApplication()</signature>
					<parameters/>
					<return type="number">总是1</return>
					<description>切换到窗口列表中的下一个程序，如按住ALT，然后按TAB(在打开的程序间循环)</description>
					<example>acNextApplication()</example>
					<snippet>acNextApplication()</snippet>
				</action>
			</actions>
		</group>
		<group name="---- 7.透明度和颜色操作 ----">
			<actions>
				<action name="acGetWindowTransparency 获取透明度">
					<signature>acGetWindowTransparency(hwndTarget, x, y)</signature>
					<parameters>
						<parameter name="hwndTarget">窗口的句柄; nil将使用x和y定位窗口</parameter>
						<parameter name="x">窗口的X坐标(左侧)</parameter>
						<parameter name="y">窗口的Y坐标(顶部)</parameter>
					</parameters>
					<return type="number">0-255</return>
					<description>获取窗口的透明度，0为透明，255为不透明</description>
					<example>acGetWindowTransparency(hwndTarget, x, y)</example>
					<snippet>acGetWindowTransparency(nil, gsx, gsy) --sample uses the gesture start coordinates (gsx and gsy)</snippet>
				</action>
				<action name="acGetWindowColorKeyR 获取红色值">
					<signature>acGetWindowColorKeyR(hwndTarget, x, y)</signature>
					<parameters>
						<parameter name="hwndTarget">窗口的句柄; nil将使用x和y定位窗口</parameter>
						<parameter name="x">窗口的X坐标(左侧)</parameter>
						<parameter name="y">窗口的Y坐标(顶部)</parameter>
					</parameters>
					<return type="number">0-255</return>
					<description>获取窗口的颜色的红色值</description>
					<example>acGetWindowColorKeyR(hwndTarget, x, y)</example>
					<snippet>acGetWindowColorKeyR(nil, gsx, gsy) --sample uses the gesture start coordinates (gsx and gsy)</snippet>
				</action>
				<action name="acGetWindowColorKeyG 获取绿色值">
					<signature>acGetWindowColorKeyG(hwndTarget, x, y)</signature>
					<parameters>
						<parameter name="hwndTarget">窗口的句柄; nil将使用x和y定位窗口</parameter>
						<parameter name="x">窗口的X坐标(左侧)</parameter>
						<parameter name="y">窗口的Y坐标(顶部)</parameter>
					</parameters>
					<return type="number">0-255</return>
					<description>获取窗口的颜色的绿色值</description>
					<example>acGetWindowColorKeyG(hwndTarget, x, y)</example>
					<snippet>acGetWindowColorKeyG(nil, gsx, gsy) --sample uses the gesture start coordinates (gsx and gsy)</snippet>
				</action>
				<action name="acGetWindowColorKeyB 获取蓝色值">
					<signature>acGetWindowColorKeyB(hwndTarget, x, y)</signature>
					<parameters>
						<parameter name="hwndTarget">窗口的句柄; nil将使用x和y定位窗口</parameter>
						<parameter name="x">窗口的X坐标(左侧)</parameter>
						<parameter name="y">窗口的Y坐标(顶部)</parameter>
					</parameters>
					<return type="number">0-255</return>
					<description>获取窗口的颜色的蓝色值</description>
					<example>acGetWindowColorKeyB(hwndTarget, x, y)</example>
					<snippet>acGetWindowColorKeyB(nil, gsx, gsy) --sample uses the gesture start coordinates (gsx and gsy)</snippet>
				</action>
				<action name="acSetWindowColorKey 设置颜色">
					<signature>acSetWindowColorKey(hwndTarget, x, y, remove, red, green, blue)</signature>
					<parameters>
						<parameter name="hwndTarget">窗口的句柄; nil将使用x和y定位窗口</parameter>
						<parameter name="x">窗口的X坐标(左侧)</parameter>
						<parameter name="y">窗口的Y坐标(顶部)</parameter>
						<parameter name="remove">(0为假，1为真)，真为移除设置的颜色</parameter>
						<parameter name="red">合成颜色的红色值</parameter>
						<parameter name="green">合成颜色的绿色值</parameter>
						<parameter name="blue">合成颜色的蓝色值</parameter>
					</parameters>
					<return type="number">总是1</return>
					<description>设置窗口的颜色，使整个窗口匹配(R,G,B)合成的颜色。
根据窗口会有奇怪的效果！</description>
					<example>acSetWindowColorKey(hwndTarget, x, y, remove, red, green, blue)</example>
					<snippet>acSetWindowColorKey(nil, gsx, gsy, 0, 255, 255, 255) --sample uses the gesture start coordinates (gsx and gsy) and sets the color key to white (255,255,255)</snippet>
				</action>
				<action name="acSetWindowTransparency 设置透明度">
					<signature>acSetWindowTransparency(hwndTarget, x, y, opacity)</signature>
					<parameters>
						<parameter name="hwndTarget">窗口的句柄; nil将使用x和y定位窗口</parameter>
						<parameter name="x">窗口的X坐标(左侧)</parameter>
						<parameter name="y">窗口的Y坐标(顶部)</parameter>
						<parameter name="opacity">设置透明度的值，0-255(255为不透明)</parameter>
					</parameters>
					<return type="number">总是1</return>
					<description>设置窗口的透明度，0为透明，255为不透明</description>
					<example>acSetWindowTransparency(hwndTarget, x, y, opacity)</example>
					<snippet>acSetWindowTransparency(nil, gsx, gsy, 128) --sample uses the gesture start coordinates (gsx and gsy) and sets the opacity to 50 percent</snippet>
				</action>
				<action name="acSetWindowTransparencyAndColorKey 设置透明度和颜色">
					<signature>acSetWindowTransparencyAndColorKey(hwndTarget, x, y, opacity, red, green, blue)</signature>
					<parameters>
						<parameter name="hwndTarget">窗口的句柄; nil将使用x和y定位窗口</parameter>
						<parameter name="x">窗口的X坐标(左侧)</parameter>
						<parameter name="y">窗口的Y坐标(顶部)</parameter>
						<parameter name="opacity">设置透明度的值，0-255(255为不透明)</parameter>
						<parameter name="red">合成颜色的红色值</parameter>
						<parameter name="green">合成颜色的绿色值</parameter>
						<parameter name="blue">合成颜色的蓝色值</parameter>
					</parameters>
					<return type="number">总是1</return>
					<description>设置窗口的透明度和颜色</description>
					<example>acSetWindowTransparencyAndColorKey(hwndTarget, x, y, opacity, red, green, blue)</example>
					<snippet>acSetWindowTransparencyAndColorKey(nil, gsx, gsy, 128, 255, 255, 255) --sample uses the gesture start coordinates (gsx and gsy), sets the opacity to 50 percent, and sets the color key to white (255,255,255)</snippet>
				</action>
			</actions>
		</group>
		<group name="---- 8.其它窗口操作 ----">
			<actions>
				<action name="acGetWindowTitle 获取窗口标题">
					<signature>acGetWindowTitle(hwndTarget, x, y)</signature>
					<parameters>
						<parameter name="hwndTarget">窗口的句柄；nil将使用x和y定位窗口</parameter>
						<parameter name="x">窗口的X坐标(左侧)</parameter>
						<parameter name="y">窗口的Y坐标(顶部)</parameter>
					</parameters>
					<return type="string">窗口标题</return>
					<description>返回指定窗口的标题</description>
					<example>acGetWindowTitle(hwndTarget, x, y)</example>
					<snippet>acGetWindowTitle(nil, gsx, gsy) --sample uses the gesture start coordinates (gsx and gsy)</snippet>
				</action>
				<action name="acGetClassName 获取类名">
					<signature>acGetClassName(hwndTarget, x, y)</signature>
					<parameters>
						<parameter name="hwndTarget">窗口的句柄/控件的句柄；nil将使用x和y定位窗口/句柄</parameter>
						<parameter name="x">被定位窗口/控件的X坐标(左侧)</parameter>
						<parameter name="y">被定位窗口/控件的Y坐标(顶部)</parameter>
					</parameters>
					<return type="string"></return>
					<description>获取指定的窗口或控件的类名。
请注意，不像其他操作X和Y返回的是OWNING窗口，这个操作是返回指定点的，因此如果该点是一个按钮，该按钮的类名将被退回。
如果你想使用容器层次结构，你可以调用acGetOwnerWindowByPoint() 或acGetParentWindowByPoint()。</description>
					<example>acGetClassName(hwndTarget, x, y)</example>
					<snippet>acGetClassName(nil, gsx, gsy) --sample uses the gesture start coordinates (gsx and gsy)</snippet>
				</action>
				<action name="acGetControlID 获取控件ID">
					<signature>acGetControlID(hwndTarget, x, y)</signature>
					<parameters>
						<parameter name="hwndTarget">窗口的句柄/控件的句柄；nil将使用x和y定位窗口/句柄</parameter>
						<parameter name="x">被定位窗口/控件的X坐标(左侧)</parameter>
						<parameter name="y">被定位窗口/控件的Y坐标(顶部)</parameter>
					</parameters>
					<return type="string"></return>
					<description>获取控件句柄为控件ID。</description>
					<example>acGetControlID(hwndTarget, x, y)</example>
					<snippet>acGetControlID(nil, gsx, gsy) --sample uses the gesture start coordinates (gsx and gsy)</snippet>
				</action>
				<action name="acGetExecutableName 获取EXE文件名">
					<signature>acGetExecutableName(hwndTarget, x, y)</signature>
					<parameters>
						<parameter name="hwndTarget">窗口的句柄；nil将使用x和y定位窗口</parameter>
						<parameter name="x">被定位窗口的X坐标(左侧)</parameter>
						<parameter name="y">被定位窗口的Y坐标(顶部)</parameter>
					</parameters>
					<return type="string"></return>
					<description>获取指定窗口的EXE文件名</description>
					<example>acGetExecutableName(hwndTarget, x, y)</example>
					<snippet>acGetExecutableName(nil, gsx, gsy) --sample uses the gesture start coordinates (gsx and gsy)</snippet>
				</action>
			</actions>
		</group>
		<group name="---- 9.多显示器操作 ----">
			<actions>
				<action name="acCenterWindowToScreen 窗口居中">
					<signature>acCenterWindowToScreen(hwndTarget, x, y, useworkarea)</signature>
					<parameters>
						<parameter name="hwndTarget">被请求的窗口句柄(如果为nil，将用x和y坐标来获取窗口)</parameter>
						<parameter name="x">如果没有指定目标句柄，在x和y坐标处获得窗口句柄</parameter>
						<parameter name="y">同上</parameter>
						<parameter name="useworkarea">(0为假，1为真)是否使用屏幕的工作区(工作区不包括任务栏)</parameter>
					</parameters>
					<return type="number">总是1</return>
					<description>将窗口置于屏幕中间</description>
					<example>acCenterWindowToScreen(hwndTarget, x, y, useworkarea)</example>
					<snippet>acCenterWindowToScreen(nil, gsx, gsy, 1) --sample uses the gesture start coordinates (gsx and gsy) and centers based on the work area</snippet>
				</action>
				<action name="acClipWindowToScreen 调整窗口位置">
					<signature>acClipWindowToScreen(hwndTarget, x, y, useworkarea)</signature>
					<parameters>
						<parameter name="hwndTarget">被请求的窗口句柄(如果为nil，将用x和y坐标来获取窗口)</parameter>
						<parameter name="x">如果没有指定目标句柄，在x和y坐标处获得窗口句柄</parameter>
						<parameter name="y">同上</parameter>
						<parameter name="useworkarea">(0为假，1为真)是否使用屏幕的工作区(工作区不包括任务栏)</parameter>
					</parameters>
					<return type="number">总是1</return>
					<description>重新调整屏幕上的窗口位置，确保窗口不会超出屏幕边界，但不调整窗口大小</description>
					<example>acClipWindowToScreen(hwndTarget, x, y, useworkarea)</example>
					<snippet>acClipWindowToScreen(nil, gsx, gsy, 1) --sample uses the gesture start coordinates (gsx and gsy) and repositions based on the work area</snippet>
				</action>
				<action name="acFitWindowToScreen 窗口适应屏幕">
					<signature>acFitWindowToScreen(hwndTarget, x, y, useworkarea)</signature>
					<parameters>
						<parameter name="hwndTarget">被请求的窗口句柄(如果为nil，将用x和y坐标来获取窗口)</parameter>
						<parameter name="x">如果没有指定目标句柄，在x和y坐标处获得窗口句柄</parameter>
						<parameter name="y">同上</parameter>
						<parameter name="useworkarea">(0为假，1为真)是否使用屏幕的工作区(工作区不包括任务栏)</parameter>
					</parameters>
					<return type="number">总是1</return>
					<description>使窗口适应屏幕，这通常会使窗口占据整个屏幕。</description>
					<example>acFitWindowToScreen(hwndTarget, x, y, useworkarea)</example>
					<snippet>acFitWindowToScreen(nil, gsx, gsy, 1) --sample uses the gesture start coordinates (gsx and gsy) and resizes based on the work area</snippet>
				</action>
				<action name="acMaximizeToAllScreens 跨显示器最大化">
					<signature>acMaximizeToAllScreens(hwndTarget, x, y)</signature>
					<parameters>
						<parameter name="hwndTarget">被请求的窗口句柄(如果为nil，将用x和y坐标来获取窗口)</parameter>
						<parameter name="x">如果没有指定目标句柄，在x和y坐标处获得窗口句柄</parameter>
						<parameter name="y">同上</parameter>
					</parameters>
					<return type="number">总是1</return>
					<description>拉伸窗口使其跨越所有显示器最大化。一般来说，这不是很实用的，但还是有其价值。</description>
					<example>acMaximizeToAllScreens(hwndTarget, x, y)</example>
					<snippet>acMaximizeToAllScreens(nil, gsx, gsy) --sample uses the gesture start coordinates (gsx and gsy)</snippet>
				</action>
				<action name="acGetMonitorBrightness 获取屏幕亮度">
					<signature>acGetMonitorBrightness(monitorhandle, x, y, mode)</signature>
					<parameters>
						<parameter name="monitorhandle">屏幕句柄</parameter>
						<parameter name="x">定位屏幕的X坐标</parameter>
						<parameter name="y">定位屏幕的Y坐标</parameter>
						<parameter name="mode">1=当前值，2=最小支持值，3=最大支持值</parameter>
					</parameters>
					<return type="number">1为成功，-1为失败</return>
					<description>返回与屏幕句柄相关联的第一块物理屏幕的亮度值（基于模态参数）。（详见变更日志）</description>
					<example>acGetMonitorBrightness(monitorhandle, x, y, mode)</example>
					<snippet>acGetMonitorBrightness(nil, gsx, gsy, 1) --sample gets the current brightness value of the monitor from the gesture start coordinates (gsx and gsy)</snippet>
				</action>
				<action name="acSetMonitorBrightness 设置屏幕亮度">
					<signature>acSetMonitorBrightness(monitorhandle, x, y, value)</signature>
					<parameters>
						<parameter name="monitorhandle">屏幕句柄</parameter>
						<parameter name="x">定位屏幕的X坐标</parameter>
						<parameter name="y">定位屏幕的Y坐标</parameter>
						<parameter name="value">要设置的新亮度值</parameter>
					</parameters>
					<return type="number">1为成功，-1为失败</return>
					<description>设置与屏幕句柄相关联的第一块物理屏幕的亮度值。（详见变更日志）</description>
					<example>acSetMonitorBrightness(monitorhandle, x, y, value)</example>
					<snippet>acSetMonitorBrightness(nil, gsx, gsy, 50) --sample sets the current brightness value to 50% for the monitor from the gesture start coordinates (gsx and gsy)</snippet>
				</action>
				<action name="acGetMonitorFromPoint 通过点获取显示器句柄">
					<signature>acGetMonitorFromPoint(x, y)</signature>
					<parameters>
						<parameter name="x">用于定位显示器的点的x坐标</parameter>
						<parameter name="y">用于定位显示器的点的y坐标</parameter>
					</parameters>
					<return type="number"></return>
					<description>返回x，y所在显示器的句柄</description>
					<example>acGetMonitorFromPoint(x, y)</example>
					<snippet>acGetMonitorFromPoint(gsx, gsy) --sample uses the gesture start coordinates (gsx and gsy)</snippet>
				</action>
				<action name="acGetMonitorFromName 通过名称获取显示器句柄">
					<signature>acGetMonitorFromName(monitorname)</signature>
					<parameters>
						<parameter name="monitorname">显示器的名称(该值必须转换形式，“\\”代表“\”，如“\\.\DISPLAY1”在Lua脚本将写成“\\\\.\\DISPLAY1”)</parameter>
					</parameters>
					<return type="number">显示器句柄</return>
					<description>获取指定显示器的句柄</description>
					<example>acGetMonitorFromName(monitorname)</example>
					<snippet>acGetMonitorFromName("monitor-name") --"monitor-name" will need to be changed to match the actual monitor name, use acGetMonitorName to retrieve a monitor's name</snippet>
				</action>
				<action name="acGetMonitorName 获取显示器名称">
					<signature>acGetMonitorName(monitorhandle)</signature>
					<parameters>
						<parameter name="monitorhandle">显示器的句柄</parameter>
					</parameters>
					<return type="string"></return>
					<description>返回显示器的名称</description>
					<example>acGetMonitorName(monitorhandle)</example>
					<snippet>acGetMonitorName(123456) --123456 will need to be changed to match the actual monitor handle; use acGetMonitorFromName to retrieve a handle</snippet>
				</action>
				<action name="acGetMonitorRight 获取显示器右侧坐标">
					<signature>acGetMonitorRight(monitorhandle, useworkarea)</signature>
					<parameters>
						<parameter name="monitorhandle">显示器的句柄</parameter>
						<parameter name="useworkarea">是否只考虑工作区而非整个显示器(不包括任务栏)</parameter>
					</parameters>
					<return type="number"></return>
					<description>获取指定显示器的CX坐标(右侧)</description>
					<example>acGetMonitorRight(monitorhandle, useworkarea)</example>
					<snippet>acGetMonitorRight(123456, 1) --123456 will need to be changed to match the actual monitor handle; use acGetMonitorFromName to retrieve a handle. this snippet specifies to use work area</snippet>
				</action>
				<action name="acGetMonitorTop 获取显示器顶部坐标">
					<signature>acGetMonitorTop(monitorhandle, useworkarea)</signature>
					<parameters>
						<parameter name="monitorhandle">显示器的句柄</parameter>
						<parameter name="useworkarea">是否只考虑工作区而非整个显示器(不包括任务栏)</parameter>
					</parameters>
					<return type="number"></return>
					<description>获取指定显示器的Y坐标(顶部)</description>
					<example>acGetMonitorTop(monitorhandle, useworkarea)</example>
					<snippet>acGetMonitorTop(123456, 1) --123456 will need to be changed to match the actual monitor handle; use acGetMonitorFromName to retrieve a handle. this snippet specifies to use work area</snippet>
				</action>
				<action name="acGetMonitorLeft 获取显示器左侧坐标">
					<signature>acGetMonitorLeft(monitorhandle, useworkarea)</signature>
					<parameters>
						<parameter name="monitorhandle">显示器的句柄</parameter>
						<parameter name="useworkarea">是否只考虑工作区而非整个显示器(不包括任务栏)</parameter>
					</parameters>
					<return type="number"></return>
					<description>获取指定显示器的X坐标(左侧)</description>
					<example>acGetMonitorLeft(monitorhandle, useworkarea)</example>
					<snippet>acGetMonitorLeft(123456, 1) --123456 will need to be changed to match the actual monitor handle; use acGetMonitorFromName to retrieve a handle. this snippet specifies to use work area</snippet>
				</action>
				<action name="acGetMonitorBottom 获取显示器底部坐标">
					<signature>acGetMonitorBottom(monitorhandle, useworkarea)</signature>
					<parameters>
						<parameter name="monitorhandle">显示器的句柄</parameter>
						<parameter name="useworkarea">是否只考虑工作区而非整个显示器(不包括任务栏)</parameter>
					</parameters>
					<return type="number"></return>
					<description>获取指定显示器的CY坐标(底部)</description>
					<example>acGetMonitorBottom(monitorhandle, useworkarea)</example>
					<snippet>acGetMonitorBottom(123456, 1) --123456 will need to be changed to match the actual monitor handle; use acGetMonitorFromName to retrieve a handle. this snippet specifies to use work area</snippet>
				</action>
				<action name="acSendWindowToMonitorByHandle 通过显示器句柄发送窗口">
					<signature>acSendWindowToMonitorByHandle(monitorhandle)</signature>
					<parameters>
						<parameter name="monitorhandle">目标显示器句柄</parameter>
					</parameters>
					<return type="number">总是1</return>
					<description>发送窗口到指定的显示器(位置基于左侧和顶部，不调整大小)</description>
					<example>acSendWindowToMonitorByHandle(monitorhandle)</example>
					<snippet>acSendWindowToMonitorByHandle(123456) --123456 will need to be changed to match the actual monitor handle; use acGetMonitorFromName to retrieve a handle</snippet>
				</action>
				<action name="acSendWindowToMonitorByName 通过显示器名称发送窗口">
					<signature>acSendWindowToMonitorByName(monitorname)</signature>
					<parameters>
						<parameter name="monitorname">目显示器的名称(该值必须转换形式，“\\”代表“\”，如“\\.\DISPLAY1”在Lua脚本将写成“\\\\.\\DISPLAY1”)</parameter>
					</parameters>
					<return type="number">(always 1)</return>
					<description>发送窗口到指定的显示器(位置基于左侧和顶部，不调整大小)</description>
					<example>acSendWindowToMonitorByName(monitorname)</example>
					<snippet>acSendWindowToMonitorByName("monitor-name") --"monitor-name" will need to be changed to match the actual monitor name, use acGetMonitorName to retrieve a monitor's name</snippet>
				</action>
				<action name="acSendWindowToNextMonitor 发送窗口到下一个显示器">
					<signature>acSendWindowToNextMonitor(hwndTarget, x, y)</signature>
					<parameters>
						<parameter name="hwndTarget">被请求的窗口句柄(如果为nil，将用x和y坐标来获取窗口)</parameter>
						<parameter name="x">如果没有指定目标句柄，在x和y坐标处获得窗口句柄</parameter>
						<parameter name="y">同上</parameter>
					</parameters>
					<return type="number">总是1</return>
					<description>发送窗口到下一个显示器(位置基于左侧和顶部，不调整大小)</description>
					<example>acSendWindowToNextMonitor(hwndTarget, x, y)</example>
					<snippet>acSendWindowToNextMonitor(nil, gsx, gsy) --sample uses the gesture start coordinates (gsx and gsy)</snippet>
				</action>
				<action name="acSendWindowToPreviousMonitor 发送窗口到上一个显示器">
					<signature>acSendWindowToPreviousMonitor(hwndTarget, x, y)</signature>
					<parameters>
						<parameter name="hwndTarget">被请求的窗口句柄(如果为nil，将用x和y坐标来获取窗口)</parameter>
						<parameter name="x">如果没有指定目标句柄，在x和y坐标处获得窗口句柄</parameter>
						<parameter name="y">同上</parameter>
					</parameters>
					<return type="number">总是1</return>
					<description>发送窗口到上一个显示器(位置基于左侧和顶部，不调整大小)</description>
					<example>acSendWindowToPreviousMonitor(hwndTarget, x, y)</example>
					<snippet>acSendWindowToPreviousMonitor(nil, gsx, gsy) --sample uses the gesture start coordinates (gsx and gsy)</snippet>
				</action>
			</actions>
		</group>
		<group name="---- 10.键盘操作 ----">
			<actions>
				<action name="acSendKeys 发送按键">
					<signature>acSendKeys(keystring)</signature>
					<parameters>
						<parameter name="keystring">发送按键命令的字符串(包括在“帮助”页面)
^ = Ctrl
% = Alt
+ = Shift
@ = Win
~ = Enter</parameter>
					</parameters>
					<return type="number">总是1</return>
					<description>向活动窗口发送按键。</description>
					<example>acSendKeys(keystring)</example>
					<snippet>acSendKeys("your text here")</snippet>
				</action>
				<action name="acSendKeyDown 按下某键">
					<signature>acSendKeyDown(VKey)</signature>
					<parameters>
						<parameter name="VKey">要发送的虚拟键值</parameter>
					</parameters>
					<return type="number">总是1</return>
					<description>向活动窗口发送按下某键事件。</description>
					<example>acSendKeyDown(VKey)</example>
					<snippet>acSendKeyDown(65) --sends the key down event for the letter "a"</snippet>
				</action>
				<action name="acSendKeyUp 弹起某键">
					<signature>acSendKeyUp(VKey)</signature>
					<parameters>
						<parameter name="VKey">要发送的虚拟键值</parameter>
					</parameters>
					<return type="number">总是1</return>
					<description>向活动窗口发送弹起某键事件。</description>
					<example>acSendKeyUp(VKey)</example>
					<snippet>acSendKeyUp(65) --sends the key up event for the letter "a"</snippet>
				</action>
				<action name="acSendControlDown 按住Ctrl键">
					<signature>acSendControlDown()</signature>
					<parameters/>
					<return type="number">总是1</return>
					<description>发送按住Ctrl键事件</description>
					<example>acSendControlDown()</example>
					<snippet>acSendControlDown()</snippet>
				</action>
				<action name="acSendControlUp 弹起Ctrl键">
					<signature>acSendControlUp()</signature>
					<parameters/>
					<return type="number">总是1</return>
					<description>发送弹起Ctrl键事件</description>
					<example>acSendControlUp()</example>
					<snippet>acSendControlUp()</snippet>
				</action>
				<action name="acSendAltDown 按住Alt键">
					<signature>acSendAltDown()</signature>
					<parameters/>
					<return type="number">总是1</return>
					<description>发送按住Alt键事件</description>
					<example>acSendAltDown()</example>
					<snippet>acSendAltDown()</snippet>
				</action>
				<action name="acSendAltUp 弹起Alt键">
					<signature>acSendAltUp()</signature>
					<parameters/>
					<return type="number">总是1</return>
					<description>发送弹起Alt键事件</description>
					<example>acSendAltUp()</example>
					<snippet>acSendAltUp()</snippet>
				</action>
				<action name="acSendShiftDown 按住Shift键">
					<signature>acSendShiftDown()</signature>
					<parameters/>
					<return type="number">总是1</return>
					<description>发送按住Shift键事件</description>
					<example>acSendShiftDown()</example>
					<snippet>acSendShiftDown()</snippet>
				</action>
				<action name="acSendShiftUp 弹起Shift键">
					<signature>acSendShiftUp()</signature>
					<parameters/>
					<return type="number">总是1</return>
					<description>发送弹起Shift键事件</description>
					<example>acSendShiftUp()</example>
					<snippet>acSendShiftUp()</snippet>
				</action>
				<action name="acSendWinDown 按住Win键">
					<signature>acSendWinDown()</signature>
					<parameters/>
					<return type="number">总是1</return>
					<description>发送按住Win键事件</description>
					<example>acSendWinDown()</example>
					<snippet>acSendWinDown()</snippet>
				</action>
				<action name="acSendWinUp 弹起Win键">
					<signature>acSendWinUp()</signature>
					<parameters/>
					<return type="number">总是1</return>
					<description>发送弹起Win键事件</description>
					<example>acSendWinUp()</example>
					<snippet>acSendWinUp()</snippet>
				</action>
			</actions>
		</group>
		<group name="---- 11.鼠标操作 ----">
			<actions>
				<action name="acGetMouseLocationX 获取鼠标X坐标">
					<signature>acGetMouseLocationX()</signature>
					<parameters/>
					<return type="number"></return>
					<description>返回当前鼠标位置的X坐标(左侧)</description>
					<example>acGetMouseLocationX()</example>
					<snippet>acGetMouseLocationX()</snippet>
				</action>
				<action name="acGetMouseLocationY 获取鼠标Y坐标">
					<signature>acGetMouseLocationY()</signature>
					<parameters/>
					<return type="number"></return>
					<description>返回当前鼠标位置的Y坐标(顶部)</description>
					<example>acGetMouseLocationY()</example>
					<snippet>acGetMouseLocationY()</snippet>
				</action>
				<action name="acMouseClick 点击鼠标">
					<signature>acMouseClick(x, y, button, down, up)</signature>
					<parameters>
						<parameter name="x">要点击位置的X坐标(左侧)</parameter>
						<parameter name="y">要点击位置的Y坐标(顶部)</parameter>
						<parameter name="button">要发送的鼠标键
	0：辅助键(默认为右键，除非鼠标按钮被交换)
	1：中键
	2：主键(默认为左键，除非鼠标按钮被交换)
	3：X1键
	4：X2键</parameter>
						<parameter name="down">(0为假，1为真)真侧发送【按住鼠标键】</parameter>
						<parameter name="up">(0为假，1为真)真侧发送【弹起鼠标键】</parameter>
					</parameters>
					<return type="number">总是1</return>
					<description>在指定坐标发送鼠标按住和/或弹起事件</description>
					<example>acMouseClick(x, y, button, down, up)</example>
					<snippet>acMouseClick(100, 100, 0, 1, 1) --this sample clicks the right mouse button at 100,100; sending down and up button events</snippet>
				</action>
				<action name="acMouseMove 移动鼠标">
					<signature>acMouseMove(x, y)</signature>
					<parameters>
						<parameter name="x">要移动到的X坐标(左侧)</parameter>
						<parameter name="y">要移动到的Y坐标(顶部)</parameter>
					</parameters>
					<return type="number">总是1</return>
					<description>将鼠标指针移动到指定坐标</description>
					<example>acMouseMove(x, y)</example>
					<snippet>acMouseMove(100, 100) --this sample moves the mouse to coordinates 100,100</snippet>
				</action>
				<action name="acGetMouseCursorType 获取鼠标指针类型">
					<signature>acGetMouseCursorType()</signature>
					<parameters/>
					<return type="string">指针类型的名称：ARROW, IBEAM, WAIT, CROSS, UP, SIZENWSE, SIZENESW, SIZEWE, SIZENS, SIZEALL, NO, HAND, APPSTARTING, HELP, or Unknown</return>
					<description>返回当前鼠标指针的名称，或Unknown</description>
					<example>acGetMouseCursorType()</example>
					<snippet>acGetMouseCursorType()</snippet>
				</action>
				<action name="acAutoHideMouseCursor 自动隐藏鼠标指针">
					<signature>acAutoHideMouseCursor(hidetimer,rehidetimer)</signature>
					<parameters>
						<parameter name="hidetimer">(毫秒)鼠标不动多长时间隐藏鼠标指针，用0禁用自动隐藏。</parameter>
						<parameter name="rehidetimer">(毫秒)多长时间重新隐藏鼠标指针(以防其他程序显示指针)</parameter>
					</parameters>
					<return type="number">总是1</return>
					<description>在指定时间后自动隐藏所有标准鼠标指针</description>
					<example>acAutoHideMouseCursor(2000,2000)</example>
					<snippet>acAutoHideMouseCursor(2000,2000) --this tells S+ to hide the mouse after 2 seconds of not moving, and to re-hide every 2 seconds (in case another applications re-displays the cursor)</snippet>
				</action>
				<action name="acHideMouseCursor 隐藏鼠标指针">
					<signature>acHideMouseCursor()</signature>
					<parameters/>
					<return type="number">总是1</return>
					<description>隐藏所有标准的鼠标指针</description>
					<example>acHideMouseCursor()</example>
					<snippet>acHideMouseCursor()</snippet>
				</action>
				<action name="acShowMouseCursor 显示鼠标指针">
					<signature>acShowMouseCursor()</signature>
					<parameters/>
					<return type="number">总是1</return>
					<description>显示所有标准的鼠标指针</description>
					<example>acShowMouseCursor()</example>
					<snippet>acShowMouseCursor()</snippet>
				</action>
			</actions>
		</group>
		<group name="---- 12.剪贴板操作 ----">
			<actions>
				<action name="acGetClipboardText 获取剪贴板内容">
					<signature>acGetClipboardText()</signature>
					<parameters/>
					<return type="string"></return>
					<description>返回当前剪贴板的内容</description>
					<example>acGetClipboardText()</example>
					<snippet>acGetClipboardText()</snippet>
				</action>
				<action name="acSetClipboardText 设置剪贴板内容">
					<signature>acSetClipboardText(value)</signature>
					<parameters>
						<parameter name="value">保存到剪贴板的内容</parameter>
					</parameters>
					<return type="number">总是1</return>
					<description>设置剪贴板的内容为“value”</description>
					<example>acSetClipboardText(value)</example>
					<snippet>acSetClipboardText("value") --Sets the current clipboard text to "value"</snippet>
				</action>
			</actions>
		</group>
		<group name="---- 13.音频操作 ----">
			<actions>
				<action name="acGetVolume 获取音量">
					<signature>acGetVolume()</signature>
					<parameters/>
					<return type="number">当前的音量,0-100</return>
					<description>返回主声道的当前音量</description>
					<example>acGetVolume()</example>
					<snippet>acGetVolume()</snippet>
				</action>
				<action name="acSetVolume 设置音量">
					<signature>acSetVolume(value, increment)</signature>
					<parameters>
						<parameter name="value">(整数0-100)要设置的音量</parameter>
						<parameter name="increment">(0为假，1为真) - 真:value加到现在的音量，假:音量设为value</parameter>
					</parameters>
					<return type="number">总是1</return>
					<description>设置主声道音量</description>
					<example>acSetVolume(value, increment)</example>
					<snippet>acSetVolume(50, 0) --sets the volume to 50 percent, doesn't increment</snippet>
				</action>
				<action name="acGetMute 获取静音状态">
					<signature>acGetMute()</signature>
					<parameters/>
					<return type="number">1为静音，0为没有静音</return>
					<description>返回主声道的静音状态</description>
					<example>acGetMute()</example>
					<snippet>acGetMute()</snippet>
				</action>
				<action name="acSetMute 设置静音状态">
					<signature>acSetMute(value)</signature>
					<parameters>
						<parameter name="value">1静音，0解除静音</parameter>
					</parameters>
					<return type="number">总是1</return>
					<description>根据传入的value设置静音状态</description>
					<example>acSetMute(value)</example>
					<snippet>acSetMute(1) --Turns on Mute</snippet>
				</action>
				<action name="acToggleMute 切换静音状态">
					<signature>acToggleMute()</signature>
					<parameters/>
					<return type="number">总是1</return>
					<description>切换主通道的静音状态</description>
					<example>acToggleMute()</example>
					<snippet>acToggleMute()</snippet>
				</action>
				<action name="acPlaySound 播放声音">
					<signature>acPlaySound(filename)</signature>
					<parameters>
						<parameter name="filename">WAV文件的完整路径（记住转为Lua字符串格式）</parameter>
					</parameters>
					<return type="number">(always 1)</return>
					<description>播放声音</description>
					<example>acPlaySound(filename)</example>
					<snippet>acPlaySound("C:\\Windows\\Media\\ding.wav") --only works if that file exists</snippet>
				</action>
			</actions>
		</group>
		<group name="---- 14.Windows注册表操作 ----">
			<actions>
				<action name="acRegistryCreateKey 创建注册表项">
					<signature>acRegistryCreateKey(rootkey, path)</signature>
					<parameters>
						<parameter name="rootkey">注册表根键：
	1 = HKEY_CLASSES_ROOT
	2 = HKEY_LOCAL_MACHINE
	3 = HKEY_CURRENT_USER
	4 = HKEY_USERS</parameter>
						<parameter name="path">要创建的子键路径（\必须写成\\）</parameter>
					</parameters>
					<return type="number">0为失败，1为成功</return>
					<description>在指定路径创建项</description>
					<example>acRegistryCreateKey(rootkey, path)</example>
					<snippet>acRegistryCreateKey(2, "Software\\MyApp") --Creates a new key under HKEY_LOCAL_MACHINE named MyApp</snippet>
				</action>
				<action name="acRegistryDeleteKey 删除注册表项">
					<signature>acRegistryDeleteKey(rootkey, path)</signature>
					<parameters>
						<parameter name="rootkey">注册表根键：
	1 = HKEY_CLASSES_ROOT
	2 = HKEY_LOCAL_MACHINE
	3 = HKEY_CURRENT_USER
	4 = HKEY_USERS</parameter>
						<parameter name="path">要删除的子键路径（\必须写成\\）</parameter>
					</parameters>
					<return type="number">0为失败，1为成功</return>
					<description>删除指定路径的项。如果子项存在则不能删除；必须先删除子项。</description>
					<example>acRegistryDeleteKey(rootkey, path)</example>
					<snippet>acRegistryDeleteKey(2, "Software\\MyApp") --Deletes the MyApp key under HKEY_LOCAL_MACHINE</snippet>
				</action>
				<action name="acRegistryDeleteValue 删除注册表值">
					<signature>acRegistryDeleteValue(rootkey, path, name)</signature>
					<parameters>
						<parameter name="rootkey">注册表根键：
	1 = HKEY_CLASSES_ROOT
	2 = HKEY_LOCAL_MACHINE
	3 = HKEY_CURRENT_USER
	4 = HKEY_USERS</parameter>
						<parameter name="path">要删除的值的所在路径（\必须写成\\）</parameter>
						<parameter name="name">要被删除的值的名称</parameter>
					</parameters>
					<return type="number">0为失败，1为成功</return>
					<description>删除指定路径/名称的值。</description>
					<example>acRegistryDeleteValue(rootkey, path, name)</example>
					<snippet>acRegistryDeleteValue(2, "Software\\MyApp","Setting1") --Deletes the Setting1 value in the MyApp key under HKEY_LOCAL_MACHINE</snippet>
				</action>
				<action name="acRegistryGetNumber 获取注册表数值">
					<signature>acRegistryGetNumber(rootkey, path, name, default)</signature>
					<parameters>
						<parameter name="rootkey">注册表根键：
	1 = HKEY_CLASSES_ROOT
	2 = HKEY_LOCAL_MACHINE
	3 = HKEY_CURRENT_USER
	4 = HKEY_USERS</parameter>
						<parameter name="path">要检索的值的所在路径（\必须写成\\）</parameter>
						<parameter name="name">要检索的值的名称</parameter>
						<parameter name="default">如果没有找到所返回的默认值</parameter>
					</parameters>
					<return type="number">值或没找到的默认值</return>
					<description>获取指定键/路径/名称的值。</description>
					<example>acRegistryGetNumber(rootkey, path, name, default)</example>
					<snippet>acRegistryGetNumber(2,"Software\\MyApp","Setting1",0) --Gets the Setting1 value in the MyApp key under HKEY_LOCAL_MACHINE, or returns 0 if it doesn't exist</snippet>
				</action>
				<action name="acRegistryGetString 获取注册表字符串">
					<signature>acRegistryGetString(rootkey, path, name, default)</signature>
					<parameters>
						<parameter name="rootkey">注册表根键：
	1 = HKEY_CLASSES_ROOT
	2 = HKEY_LOCAL_MACHINE
	3 = HKEY_CURRENT_USER
	4 = HKEY_USERS</parameter>
						<parameter name="path">要检索的值的所在路径（\必须写成\\）</parameter>
						<parameter name="name">要检索的值的名称</parameter>
						<parameter name="default">如果没有找到所返回的默认值</parameter>
					</parameters>
					<return type="string">值或没找到的默认值</return>
					<description>获取指定键/路径/名称的值。 值的类型REG_EXPAND_SZ为可扩展的环境变量。</description>
					<example>acRegistryGetString(rootkey, path, name, default)</example>
					<snippet>acRegistryGetString(2,"Software\\MyApp","Setting2","Not Found") --Gets the Setting2 value in the MyApp key under HKEY_LOCAL_MACHINE, or returns "Not Found" if it doesn't exist</snippet>
				</action>
				<action name="acRegistrySetNumber 设置注册表数值">
					<signature>acRegistrySetNumber(rootkey, path, name, value)</signature>
					<parameters>
						<parameter name="rootkey">注册表根键：
	1 = HKEY_CLASSES_ROOT
	2 = HKEY_LOCAL_MACHINE
	3 = HKEY_CURRENT_USER
	4 = HKEY_USERS</parameter>
						<parameter name="path">要写入的值的所在路径（\必须写成\\）</parameter>
						<parameter name="name">要写入的值的名称</parameter>
						<parameter name="value">要写入的值</parameter>
					</parameters>
					<return type="integer">0为失败，1为成功</return>
					<description>设置指定键/路径/名称的值。</description>
					<example>acRegistrySetNumber(rootkey, path, name, value)</example>
					<snippet>acRegistrySetNumber(2,"Software\\MyApp","Setting1",4) --Sets the Setting1 value to 4 in the MyApp key under HKEY_LOCAL_MACHINE</snippet>
				</action>
				<action name="acRegistrySetString 设置注册表字符串">
					<signature>acRegistrySetString(rootkey, path, name, value, type)</signature>
					<parameters>
						<parameter name="rootkey">注册表根键：
	1 = HKEY_CLASSES_ROOT
	2 = HKEY_LOCAL_MACHINE
	3 = HKEY_CURRENT_USER
	4 = HKEY_USERS</parameter>
						<parameter name="path">要吸入的值的所在路径（\必须写成\\）</parameter>
						<parameter name="name">要写入的值的名称</parameter>
						<parameter name="value">要写入的值</parameter>
						<parameter name="type">要写入的值的类型：
	1 = 字符串值REG_SZ (默认)
	2 = 可扩充字符串值REG_EXPAND_SZ</parameter>
					</parameters>
					<return type="integer">0为失败，1为成功</return>
					<description>设置指定键/路径/名称的值。</description>
					<example>acRegistrySetString(rootkey, path, name, value, type)</example>
					<snippet>acRegistrySetString(2,"Software\\MyApp","Setting2","Test Value", 1) --Sets the Setting2 value to "Test Value" (as REG_SZ) in the MyApp key under HKEY_LOCAL_MACHINE</snippet>
				</action>
			</actions>
		</group>
		<group name="---- 15.实用操作 ----">
			<actions>
				<action name="acConsumePhysicalInput 接管物理输入">
					<signature>acConsumePhysicalInput(value)</signature>
					<parameters>
						<parameter name="value">是否接管物理输入(0为否，1为是)</parameter>
					</parameters>
					<return type="number">总是1</return>
					<description>让S+接管所有物理输入(鼠标和键盘)。如果你调用一套鼠标或键盘操作而不希望任何物理输入干扰的话，这是很有用的。
但要确保你再调用一次，用 0 释放控制，要不然您的计算机可能无法使用！</description>
					<example>acConsumePhysicalInput()</example>
					<snippet>acConsumePhysicalInput(1) --sample instructs S+ to consume ALL input (make sure to call acConsumePhysicalInput(0) within the SAME Lua script or your computer may become unusable!). </snippet>
				</action>
				<action name="acDelay 延迟">
					<signature>acDelay(duration)</signature>
					<parameters>
						<parameter name="duration">(毫秒)暂停的毫秒数</parameter>
					</parameters>
					<return type="number">总是1</return>
					<description>暂停Lua脚本指定时长(Sleep(n))</description>
					<example>acDelay(duration)</example>
					<snippet>acDelay(duration)</snippet>
				</action>
				<action name="acDisplayBalloonTip 显示气泡提示">
					<parameters>
						<parameter name="title">显示的标题</parameter>
						<parameter name="message">显示的信息</parameter>
						<parameter name="icon">显示的气泡图标:0 = 无, 1 = 信息, 2 = 警告, 3 = 错误</parameter>
					</parameters>
					<return type="number">总是1</return>
					<signature>acDisplayBalloonTip(title, message, icon)</signature>
					<description>在S+托盘图标处显示气泡提示。注意Windows限制了气泡提示的显示频率，所以如果你想在提示消失后几秒再调用这个操作，什么都不会发生。 WinXP与Win7似乎有点不同。</description>
					<example>acDisplayBalloonTip("Testing", "Hello!", 1)</example>
					<snippet>acDisplayBalloonTip("Testing", "Hello!", 1) --displays a simple balloon tip with an info icon</snippet>
				</action>
				<action name="acDisplayText 显示文本">
					<parameters>
						<parameter name="message">显示的文本</parameter>
						<parameter name="font">使用的字体</parameter>
						<parameter name="size">文本大小</parameter>
						<parameter name="red">文本颜色的红色值</parameter>
						<parameter name="green">文本颜色的绿色值</parameter>
						<parameter name="blue">文本颜色的蓝色值</parameter>
						<parameter name="duration">(毫秒)文本显示多长时间</parameter>
						<parameter name="x">文本显示位置的X坐标(左侧)</parameter>
						<parameter name="y">文本显示位置的Y坐标(顶部)</parameter>
					</parameters>
					<return type="number">总是1</return>
					<signature>acDisplayText(message, font, size, red, green, blue, duration, x, y)</signature>
					<description>在屏幕上显示指定的文本</description>
					<example>acDisplayText("Hello!", "SHOWCARD GOTHIC", 96, 255, 0, 0, 1000, 100, 300)</example>
					<snippet>acDisplayText("Message", "Arial", 16, 0, 0, 0, 1000, 0, 0)</snippet>
				</action>
				<action name="acKillDisplayText 删除显示文本">
					<parameters/>
					<return type="number">总是1</return>
					<signature>acKillDisplayText()</signature>
					<description>在显示时长结束前强制关闭acDisplayText显示的文本</description>
					<example>acKillDisplayText()</example>
					<snippet>acKillDisplayText()</snippet>
				</action>
				<action name="acGetSystemMetrics 获取系统度量">
					<signature>acGetSystemMetrics(value)</signature>
					<parameters>
						<parameter name="value">(number)要检索的ID(基于Win32规格)</parameter>
					</parameters>
					<return type="number">Windows返回的值</return>
					<description>直接调用GetSystemMetrics，对于找出Windows配置中不同度量是很有用的。</description>
					<example>acGetSystemMetrics(value)</example>
					<snippet>acGetSystemMetrics(4) --4 gets the height of a caption area, in pixels</snippet>
				</action>
				<action name="acGetPixelBByPoint 通过点获取蓝色值">
					<signature>acGetPixelBByPoint(x, y)</signature>
					<parameters>
						<parameter name="x">点的X坐标(左侧)</parameter>
						<parameter name="y">点的Y坐标(顶部)</parameter>
					</parameters>
					<return type="number">0-255</return>
					<description>获取指定点颜色的蓝色值</description>
					<example>acGetPixelBByPoint(x, y)</example>
					<snippet>acGetPixelBByPoint(gsx, gsy) --sample uses the gesture start coordinates (gsx and gsy)</snippet>
				</action>
				<action name="acGetPixelGByPoint 通过点获取绿色值">
					<signature>acGetPixelGByPoint(x, y)</signature>
					<parameters>
						<parameter name="x">点的X坐标(左侧)</parameter>
						<parameter name="y">点的Y坐标(顶部)</parameter>
					</parameters>
					<return type="number">0-255</return>
					<description>获取指定点颜色的绿色值</description>
					<example>acGetPixelGByPoint(x, y)</example>
					<snippet>acGetPixelGByPoint(gsx, gsy) --sample uses the gesture start coordinates (gsx and gsy)</snippet>
				</action>
				<action name="acGetPixelRByPoint 通过点获取红色值">
					<signature>acGetPixelRByPoint(x, y)</signature>
					<parameters>
						<parameter name="x">点的X坐标(左侧)</parameter>
						<parameter name="y">点的Y坐标(顶部)</parameter>
					</parameters>
					<return type="number">0-255</return>
					<description>获取指定点颜色的红色值</description>
					<example>acGetPixelRByPoint(x, y)</example>
					<snippet>acGetPixelRByPoint(gsx, gsy) --sample uses the gesture start coordinates (gsx and gsy)</snippet>
				</action>
				<action name="acMessageBox 消息框">
					<signature>acMessageBox(message, title, style)</signature>
					<parameters>
						<parameter name="message">要显示的主要信息</parameter>
						<parameter name="title">窗口标题</parameter>
						<parameter name="style">整数(基于Win32规格)代表消息框的风格，包括图标、按钮和默认按钮。nil没有风格（只有确定按钮）</parameter>
					</parameters>
					<return type="number">消息框返回的值，如果指定风格，将返回被点击的按钮(如“是”/“否”，则返回值表示按钮被点击)</return>
					<description>显示标准的Windows消息框，可以自定义图标和按钮的风格。</description>
					<example>acMessageBox(message, title, style)</example>
					<snippet>acMessageBox("Your message here!", "Title Text", nil) --sample doesn't set a message box style</snippet>
				</action>
				<action name="acGetProcessIDFromPattern 通过模板获取PID">
					<signature>acGetProcessIDFromPattern(filepattern)</signature>
					<parameters>
						<parameter name="filepattern">要搜索的名称或正则表达式</parameter>
					</parameters>
					<return type="number">如果找到返回PID，否则返回0</return>
					<description>判断是否有匹配文件模板的进程正在运行。文件模板可以是可执行文件的确切名称，或正则表达。</description>
					<example>acGetProcessIDFromPattern(filepattern)</example>
					<snippet>acGetProcessIDFromPattern("note.*") --sample matches first EXE that begins with "note" (notepad.exe, for example)</snippet>
				</action>
				<action name="acGetWindowFromProcessID 通过PID获取窗口句柄">
					<signature>acGetWindowFromProcessID(processID)</signature>
					<parameters>
						<parameter name="processID">寻找窗口时使用的PID</parameter>
					</parameters>
					<return type="number">返回第一个进程优先级最高的窗口的句柄，如果找不到则返回nil。</return>
					<description>搜索所属PID中优先级最高的窗口。如果找到返回句柄，否则返回nil。</description>
					<example>acGetWindowFromProcessID(processID)</example>
					<snippet>acGetWindowFromProcessID(123) --123 would need to be replaced with an actual process ID</snippet>
				</action>
				<action name="acRunProgram 运行程序">
					<signature>acRunProgram(fullpath, parameters, seconds, style)</signature>
					<parameters>
						<parameter name="fullpath">完整EXE文件路径，需要转换反斜杠(C:\windows\notepad.exe需要写成C:\\windows\\notepad.exe)</parameter>
						<parameter name="parameters">传递给该程序的命令行参数</parameter>
						<parameter name="seconds">等待程序退出秒数(获取退出代码)，如果持续时间过去程序仍在运行，则返回0</parameter>
						<parameter name="style">程序窗口运行方式(常规，最小化，最大化等)，使用微软网站的nCmdShow值</parameter>
					</parameters>
					<return type="number">0或由程序返回代码(如果持续时间结束前存在)</return>
					<description>运行程序</description>
					<example>acRunProgram(fullpath, parameters, seconds, style)</example>
					<snippet>acRunProgram("c:\\windows\\notepad.exe","",0, 1) --sample runs Notepad, assuming it's in the location specified</snippet>
				</action>
				<action name="acShellExecute 控制运行">
					<signature>acShellExecute(verb, file, parameters, directory, style)</signature>
					<parameters>
						<parameter name="verb">edit, explore, find, open, print. 详细信息在MSDN上搜索ShellExecute</parameter>
						<parameter name="file">要打开的文件或文件夹。除非参数指定目录否则将使用当前目录</parameter>
						<parameter name="parameters">(可选) 传递给该程序的命令行参数</parameter>
						<parameter name="directory">(可选) 指定工作目录</parameter>
						<parameter name="style">程序窗口运行方式(常规，最小化，最大化等)，使用微软网站的nCmdShow值</parameter>
					</parameters>
					<return type="number">总是1</return>
					<description>指定的文件或对象执行指定的操作。例如，指定一个MS Word文档“打开”，它将会在MS Word中打开。打开EXE文件也可以，类似于acRunProgram。</description>
					<example>acShellExecute(verb, file, parameters, directory, style)</example>
					<snippet>acShellExecute("open", "C:\\windows\\", "", "", 1) --sample opens the Windows folder</snippet>
				</action>
				<action name="acLockWindows 锁定Windows">
					<signature>acLockWindows()</signature>
					<parameters/>
					<return type="number">总是1</return>
					<description>锁定Windows，相当按了WIN+L</description>
					<example>acLockWindows()</example>
					<snippet>acLockWindows()</snippet>
				</action>
				<action name="acIsImmersiveProcess 判断沉浸式程序">
					<signature>acIsImmersiveProcess(hwndTarget, x, y)</signature>
					<parameters>
						<parameter name="hwndTarget">窗口句柄，nil使用X/Y坐标定位</parameter>
						<parameter name="x">定位程序窗口的X坐标</parameter>
						<parameter name="y">定位程序窗口的Y坐标</parameter>
					</parameters>
					<return type="number">0不是，1是</return>
					<description>判断程序是否沉浸式。（Windows 8 Metro应用/App Store程序）</description>
					<example>acIsImmersiveProcess(hwndTarget, x, y)</example>
					<snippet>acIsImmersiveProcess(nil, gsx, gsy) --sample uses the gesture start coordinates (gsx and gsy)</snippet>
				</action>
				<action name="acGetFileVersion 获取文件版本">
					<signature>acGetFileVersion(file, hwndTarget, x, y)</signature>
					<parameters>
						<parameter name="file">文件路径; ""将基于窗口句柄或XY坐标指定文件</parameter>
						<parameter name="hwndTarget">窗口句柄; nil将使用XY坐标定位窗口</parameter>
						<parameter name="x">被定位窗口的X坐标</parameter>
						<parameter name="y">被定位窗口的Y坐标</parameter>
					</parameters>
					<return type="string"></return>
					<description>获取指定文件的文件版本，或拥有该窗口的文件的文件版本。</description>
					<example>acGetFileVersion(file, hwndTarget, x, y)</example>
					<snippet>acGetFileVersion("", nil, gsx, gsy) --sample uses the gesture start coordinates (gsx and gsy)</snippet>
				</action>
				<action name="acGetFileProductVersion 获取文件产品版本">
					<signature>acGetFileProductVersion(file, hwndTarget, x, y)</signature>
					<parameters>
						<parameter name="file">文件路径; ""将基于窗口句柄或XY坐标指定文件</parameter>
						<parameter name="hwndTarget">窗口句柄; nil将使用XY坐标定位窗口</parameter>
						<parameter name="x">被定位窗口的X坐标</parameter>
						<parameter name="y">被定位窗口的Y坐标</parameter>
					</parameters>
					<return type="string"></return>
					<description>获取指定文件的文件产品版本，或拥有该窗口的文件的文件产品版本。</description>
					<example>acGetFileProductVersion(file, hwndTarget, x, y)</example>
					<snippet>acGetFileProductVersion("", nil, gsx, gsy) --sample uses the gesture start coordinates (gsx and gsy)</snippet>
				</action>
				<action name="acInputBox 输入框">
					<signature>acInputBox(title, message, default, delim)</signature>
					<parameters>
						<parameter name="title">窗口标题</parameter>
						<parameter name="message">提示消息</parameter>
						<parameter name="default">输入框默认信息</parameter>
						<parameter name="delim">如果指定，default参数会从这些字符分割并生成下拉菜单。</parameter>
					</parameters>
					<return type="string"></return>
					<description>显示一个窗口，接受用户输入。</description>
					<example>acInputBox(title, message, default, delim)</example>
					<snippet>acInputBox("Feedback", "Hi! Please enter your thoughts below.", "StrokesPlus is great!", "")</snippet>
				</action>
				<action name="acSetDisplayGamma 设置动态灰度">
					<signature>acSetDisplayGamma(red, green, blue)</signature>
					<parameters>
						<parameter name="red">新红伽玛值(0 - 255)</parameter>
						<parameter name="green">新绿伽玛值(0 - 255)</parameter>
						<parameter name="blue">新蓝伽玛值(0 - 255)</parameter>
					</parameters>
					<return type="string"></return>
					<description>如果显卡支持，调整整个桌面的动态灰度。</description>
					<example>acSetDisplayGamma(red, green, blue)</example>
					<snippet>acSetDisplayGamma(128,128,128) --sets the gamma evenly across all colors at the 50% baseline</snippet>
				</action>
				<action name="acGetNumber 获取数值">
				<signature>acGetNumber()</signature>
				<parameters />
				<return type="number">前一个调用acSetNumber存储的数值</return>
				<description>获取当前存储于S +进程的数值。这里唯一的目的是让两个lua状态之间的沟通。</description>
				<example>acGetNumber()</example>
				<snippet>acGetNumber() --sample retrieves the number previously stored by calling acSetNumber</snippet>
				</action>				
				<action name="acSetNumber 设置数值">
				<signature>acSetNumber(value)</signature>
				<parameters>
				<parameter name="value">存储到S+内存的数值</parameter>
				</parameters>
				<return type="number">总是1</return>
				<description>存储数值到S+进程。这里唯一的目的是让两个lua状态之间的沟通。</description>
				<example>acSetNumber(number)</example>
				<snippet>acSetNumber(1) --sample stores the number 1 in S+, use acGetNumber to retrieve value</snippet>
				</action>					
			</actions>
		</group>
		<group name="---- 16.Windows消息操作 ----">
			<actions>
				<action name="acPostMessage Post信息">
					<signature>acPostMessage(hwndTarget, MessageID, wParam, lParam)</signature>
					<parameters>
						<parameter name="hwndTarget">被发送消息的目标窗口的句柄</parameter>
						<parameter name="MessageID">(整数)要发送的消息ID</parameter>
						<parameter name="wParam">(整数)要发送的wParam</parameter>
						<parameter name="lParam">(整数)要发送的lParam</parameter>
					</parameters>
					<return type="number">总是1</return>
					<description>这是一个非常简单的形式，不允许在wParam和lParam中使用复杂的数据结构。</description>
					<example>acPostMessage(hwndTarget, MessageID, wParam, lParam)</example>
					<snippet>acPostMessage(hwndTarget, MessageID, wParam, lParam) --this snippet is not functional, this is an advanced function that can't have a working snippet</snippet>
				</action>
				<action name="acSendMessage Send信息">
					<signature>acSendMessage(hwndTarget, MessageID, wParam, lParam)</signature>
					<parameters>
						<parameter name="hwndTarget">被发送消息的目标窗口的句柄</parameter>
						<parameter name="MessageID">(整数)要发送的消息ID</parameter>
						<parameter name="wParam">(整数)要发送的wParam</parameter>
						<parameter name="lParam">(整数)要发送的lParam</parameter>
					</parameters>
					<return type="number">总是1</return>
					<description>这是一个非常简单的形式，不允许在wParam和lParam中使用复杂的数据结构。</description>
					<example>acSendMessage(hwndTarget, MessageID, wParam, lParam)</example>
					<snippet>acSendMessage(hwndTarget, MessageID, wParam, lParam) --this snippet is not functional, this is an advanced function that can't have a working snippet</snippet>
				</action>
			</actions>
		</group>
		<group name="---- 17.StrokesPlus控制操作 ----">
			<actions>
				<action name="acShowAbout 显示关于">
					<signature>acShowAbout()</signature>
					<parameters/>
					<return type="number">总是1</return>
					<description>显示关于选项卡</description>
					<example>acShowAbout()</example>
					<snippet>acShowAbout()</snippet>
				</action>
				<action name="acShowActions 显示配置操作">
					<signature>acShowActions()</signature>
					<parameters/>
					<return type="number">总是1</return>
					<description>显示配置操作选项卡</description>
					<example>acShowActions()</example>
					<snippet>acShowActions()</snippet>
				</action>
				<action name="acShowHotkeys 显示配置快捷键">
					<signature>acShowHotkeys()</signature>
					<parameters/>
					<return type="number">总是1</return>
					<description>显示配置快捷键选项卡</description>
					<example>acShowHotkeys()</example>
					<snippet>acShowHotkeys()</snippet>
				</action>
				<action name="acShowIgnoreList 显示忽略清单">
					<signature>acShowIgnoreList()</signature>
					<parameters/>
					<return type="number">总是1</return>
					<description>显示忽略清单选项卡</description>
					<example>acShowIgnoreList()</example>
					<snippet>acShowIgnoreList()</snippet>
				</action>
				<action name="acShowPrefs 显示首选项">
					<signature>acShowPrefs()</signature>
					<parameters/>
					<return type="number">总是1</return>
					<description>显示首选项选项卡</description>
					<example>acShowPrefs()</example>
					<snippet>acShowPrefs()</snippet>
				</action>
				<action name="acShowSettings 显示主窗口">
					<signature>acShowSettings()</signature>
					<parameters/>
					<return type="number">总是1</return>
					<description>显示主窗口</description>
					<example>acShowSettings()</example>
					<snippet>acShowSettings()</snippet>
				</action>
				<action name="acDisable 禁用S+">
					<signature>acDisable()</signature>
					<parameters/>
					<return type="number">总是1</return>
					<description>禁用StrokesPlus。</description>
					<example>acDisable()</example>
					<snippet>acDisable()</snippet>
				</action>
				<action name="acDisableNext 禁用下一个手势">
					<signature>acDisableNext()</signature>
					<parameters/>
					<return type="number">总是1</return>
					<description>禁用下一个手势</description>
					<example>acDisableNext()</example>
					<snippet>acDisableNext()</snippet>
				</action>
				<action name="acDisableCapture 禁用鼠标手势">
					<signature>acDisableCapture()</signature>
					<parameters/>
					<return type="number">总是1</return>
					<description>禁止strokesplus捕获鼠标手势，直到用快捷键调用acEnableCapture()，或Lua状态初始化。</description>
					<example>acDisableCapture()</example>
					<snippet>acDisableCapture()</snippet>
				</action>
				<action name="acEnableCapture 启用鼠标手势">
					<signature>acEnableCapture()</signature>
					<parameters/>
					<return type="number">总是1</return>
					<description>在acDisableCapture()调用后，允许strokesplus捕获鼠标手势。</description>
					<example>acEnableCapture()</example>
					<snippet>acEnableCapture()</snippet>
				</action>
				<action name="acDisableHotkey 禁用某快捷键">
					<signature>acDisableHotkey()</signature>
					<parameters/>
					<return type="number">总是1</return>
					<description>注销快捷键。hkid会自动输入。</description>
					<example>acDisableHotkey(hkid)</example>
					<snippet>acDisableHotkey(hkid) --hkid is passed into the hotkey's script, you do not need to change this line. </snippet>
				</action>
				<action name="acEnableHotkey 启用某快捷键">
					<signature>acEnableHotkey()</signature>
					<parameters/>
					<return type="number">总是1</return>
					<description>注册快捷键。hkid会自动输入。</description>
					<example>acEnableHotkey(hkid)</example>
					<snippet>acEnableHotkey(hkid) --hkid is passed into the hotkey's script, you do not need to change this line. </snippet>
				</action>
				<action name="acRelayGesture 转发手势">
					<signature>acRelayGesture()</signature>
					<parameters/>
					<return type="number">总是1</return>
					<description>转发最后一个手势，使另一个应用程序可以处理。这只适用于配置一个鼠标键为手势键，不重播修饰键。</description>
					<example>acRelayGesture()</example>
					<snippet>acRelayGesture()</snippet>
				</action>
				<action name="acReloadConfig 重载配置">
					<signature>acReloadConfig()</signature>
					<parameters/>
					<return type="number">总是1</return>
					<description>指示StrokesPlus重载配置文件(StrokesPlus.xml)</description>
					<example>acReloadConfig()</example>
					<snippet>acReloadConfig()</snippet>
				</action>
				<action name="acToggleTrayIcon 显示/隐藏托盘图标">
					<signature>acToggleTrayIcon(state)</signature>
					<parameters>
						<parameter name="state">	-1 只隐藏
	0 显示/隐藏
	1 只显示</parameter>
					</parameters>
					<return type="number">总是1</return>
					<description>切换是否隐藏StrokesPlus托盘图标。也可以通过按下CTRL+SHIFT+WIN+S实现</description>
					<example>acToggleTrayIcon()</example>
					<snippet>acToggleTrayIcon()</snippet>
				</action>
				<action name="acExit 退出">
					<signature>acExit()</signature>
					<parameters/>
					<return type="number">总是1</return>
					<description>退出StrokesPlus</description>
					<example>acExit()</example>
					<snippet>acExit()</snippet>
				</action>
			</actions>
		</group>
	</groups>
</actionshelp>
