﻿<language name="Chinese_Simple" author="ETime" url="http://weibo.com/rb30" contact="rb_30@163.com" version="2.8.2+">
	<Base>
		<Messages>
			<AlreadyRunning>StrokesPlus已经运行。
如果你想运行另一个StrokesPlus请点击【是】。</AlreadyRunning>
			<AlreadyRunningTitle>故意还是眼花了？</AlreadyRunningTitle>
			<OtherGestureAppRunning>下列程序中至少一个正在运行：
StrokeIt
High Sign
Sensiva
Mouse Wrangler
gMote
MaZZicK
Just Gestures
确保我们中只有一个是激活的，否则可能会有问题。
要禁用此提示，设置StrokesPlus.xml中的CheckForOtherGesturePrograms为0。</OtherGestureAppRunning>
			<OtherGestureAppRunningTitle>挂钩冲突</OtherGestureAppRunningTitle>
			<RequiresAdmin>StrokesPlus需要管理员特权才能运行。不便之处见谅。
真的，考虑一下，如果你没有管理员权限，你可能不应该使用这个程序。:-)</RequiresAdmin>
			<RequiresAdminTitle>啊哦！</RequiresAdminTitle>
			<ForegroundLockTimeout>Foreground Lock Timeout &gt; 0
未能成功把窗口提到前面。
你想更新这个设置吗？</ForegroundLockTimeout>
			<ForegroundLockTimeoutTitle>提前和居中！</ForegroundLockTimeoutTitle>
			<ForegroundLockTimeoutFail>更新设置失败。
还有问题你可以试试重装软件。</ForegroundLockTimeoutFail>
			<ForegroundLockTimeoutFailTitle>/wrist</ForegroundLockTimeoutFailTitle>
			<SaveConfigFail>写入StrokesPlus.xml失败。
如果问题还存在，你的配置文件可能损坏或者你无权更新文件；删除 StrokesPlus.xml 将重建该文件，但所有手势和操作定义都会丢失。</SaveConfigFail>
			<SaveConfigFailTitle>保存失败！</SaveConfigFailTitle>
			<LoadConfigFail>加载StrokesPlus.xml失败。
如果问题还存在，你的配置文件可能损坏；删除 StrokesPlus.xml 将重建该文件，但所有手势和操作定义都会丢失。</LoadConfigFail>
			<LoadConfigFailTitle>加载失败！</LoadConfigFailTitle>
			<LoadActionsFail>加载ActionHelp.xml失败。试试下载StrokesPlus便携版 ZIP包替换这个文件。
这不是致命错误，但是你在有效操作下拉列表中将看不到东西。</LoadActionsFail>
			<LoadActionsFailTitle>加载操作帮助文件失败</LoadActionsFailTitle>
			<LuaScriptError>Lua脚步错误！</LuaScriptError>
			<GestureTooShortTitle>手势太短</GestureTooShortTitle>
			<GestureTooShortMessage>请画一个更长的手势</GestureTooShortMessage>
			<AdminModeTitle>管理员</AdminModeTitle>
			<AdminModeMessage>从2.2.1版开始，运行StrokesPlus不再需要管理员权限。
对于大多数用途，这是可以接受的。然而，你会遇到一些意想不到的事情。
例如，S+将无法控制其他以提升权限运行程序，并有可能对于那些需要管理员特权的Windows底层调用操作将失效。
如果你喜欢以提升权限运行S +，你可以用鼠标右键单击的StrokesPlus.exe文件，选择属性 - &gt;兼容性 - &gt;“以管理员身份运行此程序”。
然而，即使以管理员权限运行S+仍不能随系统自动启动。</AdminModeMessage>
			<Win8LauncherTitle>Windows 8 适用性</Win8LauncherTitle>
			<Win8LauncherMessage>由于Windows 8的变化，S +对于某些Windows 8屏幕可能没作用，除非你禁用UAC或使用已签名的S +。
			
更多细节请看以下帖子：

http://www.strokesplus.com/windows8</Win8LauncherMessage>
			<TouchPadNotSupportedTitle>不支持触摸板</TouchPadNotSupportedTitle>
			<TouchPadNotSupportedMessage>不支持触摸板。

要么它不是一个触摸板，要么不具备多指触控功能，或者是初始化设备时遇到错误。

触摸板支持将被禁止；你可以在“首选项”选项卡重新启用支持。</TouchPadNotSupportedMessage>
			<ReloadSettingsOpenTitle>臣妾做不到啊！</ReloadSettingsOpenTitle>
			<ReloadSettingsOpenMessage>请在调用acReload()前关闭所有StrokesPlus窗口。</ReloadSettingsOpenMessage>
		</Messages>
	</Base>
	<Settings>
		<Title>StrokesPlus 汉化</Title>
	</Settings>
	<Gestures>
		<Title>手势</Title>
		<SavedImmediately>注意：手势更改会立即保存。</SavedImmediately>
	</Gestures>
	<Preferences>
		<Title>首选项</Title>
		<StrokeButtonFrame>
			<Title>手势键</Title>
			<Buttons>
				<Right>鼠标右键</Right>
				<Middle>鼠标中键</Middle>
				<Left>鼠标左键</Left>
				<X1>鼠标X1键</X1>
				<X2>鼠标X2键</X2>
				<Control>Ctrl键</Control>
				<Alt>Alt键</Alt>
				<Shift>Shift键</Shift>
				<ScrollUp>鼠标滚轮向上</ScrollUp>
				<ScrollDown>鼠标滚轮向下</ScrollDown>
			</Buttons>
			<IgnoreKey>
				<Title>忽略键：</Title>
				<DropDown>
					<Control>Ctrl键</Control>
					<Alt>Alt键</Alt>
					<Shift>Shift键</Shift>
					<None>无</None>
				</DropDown>
			</IgnoreKey>
			<CancelDelay>
				<Title>取消延迟：</Title>
				<Suffix>毫秒</Suffix>
			</CancelDelay>
		</StrokeButtonFrame>
		<SynapticsFrame>
			<Disable>禁用</Disable>
			<Title>Synaptics触摸板</Title>
			<Fingers>
				<One>单指（点击&amp;按住）</One>
				<Two>双指</Two>
				<Three>三指</Three>
			</Fingers>
			<Sensitivity>光标移动的灵敏性：</Sensitivity>
			<Percent>%</Percent>
			<HoldDeltaText>单指移动阈值：</HoldDeltaText>
			<HoldDeltaSuffix>units</HoldDeltaSuffix>
			<HoldDelayText>单指按住延迟：</HoldDelayText>
			<HoldDelaySuffix>毫秒</HoldDelaySuffix>
			<StrokeSequence>手势顺序：</StrokeSequence>
		</SynapticsFrame>
		<StrokeStyleFrame>
			<Title>轨迹风格</Title>
			<Red>
				<Title>红色：</Title>
				<Suffix>0-255
				</Suffix>
			</Red>
			<Green>
				<Title>绿色：</Title>
				<Suffix>0-255</Suffix>
			</Green>
			<Blue>
				<Title>蓝色：</Title>
				<Suffix>0-255</Suffix>
			</Blue>
			<PickColor>选择颜色…</PickColor>
			<Width>
				<Title>宽度：</Title>
				<Suffix>像素</Suffix>
			</Width>
			<SegmentLength>
				<Title>最小分段长度：</Title>
				<Suffix>像素</Suffix>
			</SegmentLength>
			<Length>
				<Title>显示长度：</Title>
				<Suffix>像素</Suffix>
			</Length>
			<Opacity>
				<Title>透明度：</Title>
				<Suffix>1-255</Suffix>
			</Opacity>
			<Show>
				<Title>显示：</Title>
				<Yes>是</Yes>
				<No>否</No>
			</Show>
		</StrokeStyleFrame>
		<AdvancedOptionsFrame>
			<Title>高级 / 实验性* 选项</Title>
			<MatchPrecision>
				<Title>匹配精度：</Title>
				<Suffix>点</Suffix>
			</MatchPrecision>
			<MatchProbability>
				<Title>匹配概率：</Title>
				<Suffix>%</Suffix>
			</MatchProbability>
			<ManageMemory>积极地管理内存</ManageMemory>
			<Suspend>在系统挂起释放S+或系统恢复时重新初始化S+*</Suspend>
			<MultipleInstanceMessage>禁用运行多个StrokesPlus时的提示信息</MultipleInstanceMessage>
			<NewGestureMessage>禁用新建手势时的提示信息</NewGestureMessage>
			<GestureWindowOnTop>保持手势绘制窗口在最前面*</GestureWindowOnTop>
			<GestureWindowToBottom>不要隐藏手势绘制窗口*</GestureWindowToBottom>
			<ResetCancelDelay>在鼠标移动或修饰键按下时重置取消延迟*</ResetCancelDelay>
			<MouseWheelRelay>启用鼠标滚轮中继 *</MouseWheelRelay>
			<RecognizeOnMouseWheel>每次鼠标滚轮滚动都触发相应操作*</RecognizeOnMouseWheel>
			<CaptureModifiersOnMouseDown>允许在手势键按下时获取修饰键状态*</CaptureModifiersOnMouseDown>
			<AllowMouseWheelTick>允许Mouse Wheel Tick脚本*</AllowMouseWheelTick>
			<AllowAfterActionScript>允许After Action脚本*</AllowAfterActionScript>
			<AllowMiddleClickScript>允许Middle Click脚本*</AllowMiddleClickScript>
			<OnlyDefinedApps>仅捕获已定义程序上的手势操作（无全局操作）</OnlyDefinedApps>
			<AllowAfterReleaseScript>允许After Release脚本*</AllowAfterReleaseScript>
			<CheckCursorFlags>检查光标状态*</CheckCursorFlags>
			<AllowLeftClickScript>允许Left Click脚本*</AllowLeftClickScript>
			<AllowRightClickScript>允许Right Click脚本*</AllowRightClickScript>
			<AllowX1ClickScript>允许X1 Click脚本*</AllowX1ClickScript>
			<AllowX2ClickScript>允许X2 Click脚本*</AllowX2ClickScript>
			<AllowHorzMouseWheelTick>允许Horizontal Mouse Wheel Tick脚本*</AllowHorzMouseWheelTick>
			<RelayGestureOnNoMatch>无匹配时转发手势给原始程序*</RelayGestureOnNoMatch>
			<NoMatchSound>无匹配时播放声音</NoMatchSound>
			<NoMatchSoundFile>
				<Title>声音：</Title>
				<Test>试听</Test>
				<Browse>选择…</Browse>
			</NoMatchSoundFile>
		</AdvancedOptionsFrame>
		<Help>帮助</Help>
		<Save>应用</Save>
		<OK>确定</OK>
		<Cancel>取消</Cancel>
	</Preferences>
	<Actions>
		<Title>配置操作</Title>
		<AddAppPopupTitle>添加程序</AddAppPopupTitle>
		<AddActionPopupTitle>添加操作</AddActionPopupTitle>
		<RenameAppPopupTitle>重命名程序</RenameAppPopupTitle>
		<RenameActionPopupTitle>重命名操作</RenameActionPopupTitle>
		<RenameGesturePopupTitle>重命名手势</RenameGesturePopupTitle>
		<GlobalActions>全局操作</GlobalActions>
		<GestureFrame>
			<Title>手势</Title>
			<New>新建</New>
			<Rename>重命名</Rename>
			<Delete>删除</Delete>
		</GestureFrame>
		<MouseKeyModifierFrame>
			<Title>鼠标/修饰键</Title>
			<Right>鼠标右键</Right>
			<Middle>鼠标中键</Middle>
			<Left>鼠标左键</Left>
			<X1>鼠标X1键</X1>
			<X2>鼠标X2键</X2>
			<Control>Ctrl键</Control>
			<Alt>Alt键</Alt>
			<Shift>Shift键</Shift>
			<ScrollUp>鼠标滚轮向上</ScrollUp>
			<ScrollDown>鼠标滚轮向下</ScrollDown>
		</MouseKeyModifierFrame>
		<ModifierPress>
			<Title>检查修饰键</Title>
			<Before>手势键按下前</Before>
			<After>手势键按下后</After>
			<Either>二者之一</Either>
		</ModifierPress>
		<AvailableActionsFrame>
			<Title>有效操作</Title>
			<Info>信息</Info>
			<Insert>插入</Insert>
			<Messages>
				<Info>
					<Description>说明：</Description>
					<Usage>用法：</Usage>
					<Returns>返回值：</Returns>
					<Parameters>参数：</Parameters>
				</Info>
			</Messages>
		</AvailableActionsFrame>
		<Application>
			<OwnerTitle>窗口标题：</OwnerTitle>
			<OwnerTitlePattern>窗口标题模板：</OwnerTitlePattern>
			<OwnerClassName>窗口类名：</OwnerClassName>
			<OwnerClassNamePattern>窗口类名模板：</OwnerClassNamePattern>
			<ParentTitle>父控件标题：</ParentTitle>
			<ParentTitlePattern>父控件标题模板：</ParentTitlePattern>
			<ParentClassName>父控件类名：</ParentClassName>
			<ParentClassNamePattern>父控件类名模板：</ParentClassNamePattern>
			<ControlTitle>控件标题：</ControlTitle>
			<ControlTitlePattern>控件标题模板：</ControlTitlePattern>
			<ControlClassName>控件类名：</ControlClassName>
			<ControlClassNamePattern>控件类名模板：</ControlClassNamePattern>
			<ControlID>控件ID：</ControlID>
			<FilePathPattern>文件路径模板：</FilePathPattern>
			<FileName>文件名：</FileName>
			<FileNamePattern>文件名模板：</FileNamePattern>
			<DoNotProcess>本程序不处理全局操作</DoNotProcess>
			<FindWindowFrame>查找窗口</FindWindowFrame>
			<Qualifiers>当手势键按下时，在此列表中的所有限定词将用于判断程序是否匹配。

模板字段用于正则表达式。

只有一个字段是必需的，很多时候，保留文件名就足够了。</Qualifiers>
			<Active>程序有效</Active>
		</Application>
		<FormText>
			<NoGestureRequired>↑去“首选项”勾选“允许在手势键按下时获取修饰键状态”启动以上功能。


←你不必选择一个手势，修饰键可以单独定义一个操作。</NoGestureRequired>
			<LuaScriptTitle>Lua脚本：</LuaScriptTitle>
		</FormText>
		<FormButtons>
			<AddApp>添加程序</AddApp>
			<AddAction>添加操作</AddAction>
			<Rename>重命名</Rename>
			<Delete>删除</Delete>
			<Save>保存</Save>
			<Autosave>自动保存</Autosave>
			<Report>报告</Report>
			<Help>帮助</Help>
			<Close>关闭</Close>
		</FormButtons>
		<Messages>
			<CloseNameWindow>请先关闭命名窗口。</CloseNameWindow>
			<CloseNameWindowTitle>这样会更好</CloseNameWindowTitle>
			<DeleteTreeItem>你确定？</DeleteTreeItem>
			<DeleteTreeItemTitle>删除</DeleteTreeItemTitle>
			<NewGesture>点击“确定”，然后绘制新手势。窗口将会隐藏，任何东西都不会丢失。</NewGesture>
			<NewGestureTitle>新建手势</NewGestureTitle>
			<DeleteGesture>你确定？</DeleteGesture>
			<DeleteGestureTitle>删除</DeleteGestureTitle>
			<ActionConflict>下面的操作已经有相同的手势/修饰键定义：</ActionConflict>
			<ActionConflictSave>无论如何都保存？</ActionConflictSave>
			<ActionConflictTitle>操作冲突</ActionConflictTitle>
		</Messages>
		<Active>程序有效</Active>
	</Actions>
	<Report>
		<Title>操作报告</Title>
		<TopText>这里列出了所有已定义的操作。点击表头可以排序。</TopText>
		<Columns>
			<Gesture>手势</Gesture>
			<GestureName>手势名</GestureName>
			<Modifiers>修饰键</Modifiers>
			<AppName>程序名</AppName>
			<ActionName>操作名</ActionName>
			<LuaScript>Lua脚本</LuaScript>
		</Columns>
		<Refresh>刷新</Refresh>
		<Close>关闭</Close>
	</Report>
	<Ignored>
		<Title>忽略清单</Title>
		<AddPopupTitle>添加忽略条目</AddPopupTitle>
		<RenamePopupTitle>重命名忽略条目</RenamePopupTitle>
		<OwnerTitle>窗口标题：</OwnerTitle>
		<OwnerTitlePattern>窗口标题模板：</OwnerTitlePattern>
		<OwnerClassName>窗口类名：</OwnerClassName>
		<OwnerClassNamePattern>窗口类名模板：</OwnerClassNamePattern>
		<ParentTitle>父控件标题：</ParentTitle>
		<ParentTitlePattern>父控件标题模板：</ParentTitlePattern>
		<ParentClassName>父控件类名：</ParentClassName>
		<ParentClassNamePattern>父控件类名模板：</ParentClassNamePattern>
		<ControlTitle>控件标题：</ControlTitle>
		<ControlTitlePattern>控件标题模板：</ControlTitlePattern>
		<ControlClassName>控件类名：</ControlClassName>
		<ControlClassNamePattern>控件类名模板：</ControlClassNamePattern>
		<ControlID>控件ID：</ControlID>
		<FileName>文件名：</FileName>
		<FilePathPattern>文件路径模板：</FilePathPattern>
		<FileNamePattern>文件名模板：</FileNamePattern>
		<FindWindowFrame>查找窗口</FindWindowFrame>
		<DisableOnActivate>如果此程序被激活则禁用S+</DisableOnActivate>
		<Qualifiers>当手势键按下时，任何与列表中的限定词匹配的程序将会被忽略。

模板字段用于正则表达式。

只有一个字段是必需的。</Qualifiers>
		<Active>规则有效</Active>
		<Help>帮助</Help>
		<Close>关闭</Close>
		<Add>添加</Add>
		<Rename>重命名</Rename>
		<Delete>删除</Delete>
		<Save>保存</Save>
		<Messages>
			<CloseNameWindow>请先关闭命名窗口。</CloseNameWindow>
			<CloseNameWindowTitle>这样会更好</CloseNameWindowTitle>
			<DeleteItem>你确定？</DeleteItem>
			<DeleteItemTitle>删除</DeleteItemTitle>
		</Messages>
	</Ignored>
	<Name>
		<Title>名称</Title>
		<Name>名称：</Name>
		<Messages>
			<IgnoredExists>同名的忽略条目已存在，请输入一个不同的名字。</IgnoredExists>
			<IgnoredExistsTitle>名称已存在</IgnoredExistsTitle>
			<AppExists>同名的程序已存在，请输入一个不同的名字。</AppExists>
			<AppExistsTitle>名称已存在</AppExistsTitle>
			<ActionExists>同名的操作已存在，请输入一个不同的名字。</ActionExists>
			<ActionExistsTitle>名称已存在</ActionExistsTitle>
			<GestureExists>同名的手势已存在，请输入一个不同的名字。</GestureExists>
			<GestureExistsTitle>名称已存在</GestureExistsTitle>
			<HotkeyExists>同名的快捷键已存在，请输入一个不同的名字。</HotkeyExists>
			<HotkeyExistsTitle>名称已存在</HotkeyExistsTitle>
		</Messages>
		<OK>确定</OK>
		<Cancel>取消</Cancel>
	</Name>
	<SaveGesture>
		<Title>保存手势</Title>
		<NameGesture>你想要如何命名这个手势？</NameGesture>
		<Info>输入已存在的手势名字将把当前的手势样式加入到原来的手势中。
多个样本可以提高识别率。</Info>
		<Save>保存</Save>
		<Cancel>取消</Cancel>
	</SaveGesture>
	<Menu>
		<CloseMenu>关闭菜单</CloseMenu>
		<TrainingMode>训练模式</TrainingMode>
		<Right>使用鼠标右键</Right>
		<Middle>使用鼠标中键</Middle>
		<Left>使用鼠标左键</Left>
		<X1>使用鼠标X1键</X1>
		<X2>使用鼠标X2键</X2>
		<Control>使用Ctrl键</Control>
		<Alt>使用Alt键</Alt>
		<Shift>使用Shift键</Shift>
		<DrawGestures>画出手势</DrawGestures>
		<Disable>禁用StrokesPlus</Disable>
		<Ignored>忽略清单…</Ignored>
		<Hotkeys>配置快捷键…</Hotkeys>
		<Actions>配置操作…</Actions>
		<Preferences>首选项…</Preferences>
		<Reload>重载设置和Lua引擎</Reload>
		<Password>密码…</Password>
		<About>关于</About>
		<Help>帮助</Help>
		<Exit>退出</Exit>
		<Cut>剪切</Cut>
		<Copy>复制</Copy>
		<Paste>粘贴</Paste>
	</Menu>
	<Icon>
		<NormalCaption>StrokesPlus - 使用中</NormalCaption>
		<TrainingCaption>StrokesPlus - 训练模式</TrainingCaption>
		<DisabledCaption>StrokesPlus - 禁用中</DisabledCaption>
		<IgnoringGestures>StrokesPlus - 忽略手势</IgnoringGestures>
	</Icon>
	<About>
		<Title>关于</Title>
		<Close>关闭</Close>
		<StrokesPlus>StrokesPlus 汉化 by ETime</StrokesPlus>
		<Version>版本：</Version>
		<ReleaseDate>发布日期：</ReleaseDate>
	</About>
	<LuaTab>
		<Title>全局Lua</Title>
		<Text>下面是您的StrokesPlus.lua文件中的Lua代码。您可以利用这个文件存储那些可以访问所有操作脚本的函数或变量。
点击“应用”或“确定”时所做的更改将立即被保存并加载到Lua引擎。</Text>
	</LuaTab>
	<Password>
		<Title>输入密码</Title>
		<ChangeTitle>更改密码</ChangeTitle>
		<SetText>输入的密码将用于加密您的配置文件和限制访问配置窗口。</SetText>
		<EnterText>您必须输入密码来启动StrokesPlus，或访问配置窗口。</EnterText>
		<ChangeText>输入当前的密码和一个新密码。如果新密码字段为空，密码保护将被删除。</ChangeText>
		<Password>密码：</Password>
		<CurrentPassword>原密码：</CurrentPassword>
		<NewPassword>新密码：</NewPassword>
		<OK>确定</OK>
		<Cancel>取消</Cancel>
		<MatchFailMessage>密码错误。</MatchFailMessage>
		<MatchFailTitle>囧！</MatchFailTitle>
	</Password>
	<Hotkeys>
		<Title>配置快捷键</Title>
		<HotkeysFrame>
			<Title>快捷键</Title>
			<Modifiers>
				<None>无</None>
				<Control>Ctrl键</Control>
				<Alt>Alt键</Alt>
				<Shift>Shift键</Shift>
				<Win>Win键</Win>
			</Modifiers>
			<Modifier1>修饰键 1:</Modifier1>
			<Modifier2>修饰键 2:</Modifier2>
			<Modifier3>修饰键 3:</Modifier3>
			<Modifier4>修饰键 4:</Modifier4>
			<Key>按键</Key>
			<Keys>
				<None>无</None>
				<0>0</0>
				<1>1</1>
				<2>2</2>
				<3>3</3>
				<4>4</4>
				<5>5</5>
				<6>6</6>
				<7>7</7>
				<8>8</8>
				<9>9</9>
				<NUMPAD0>小键盘 0</NUMPAD0>
				<NUMPAD1>小键盘 1</NUMPAD1>
				<NUMPAD2>小键盘 2</NUMPAD2>
				<NUMPAD3>小键盘 3</NUMPAD3>
				<NUMPAD4>小键盘 4</NUMPAD4>
				<NUMPAD5>小键盘 5</NUMPAD5>
				<NUMPAD6>小键盘 6</NUMPAD6>
				<NUMPAD7>小键盘 7</NUMPAD7>
				<NUMPAD8>小键盘 8</NUMPAD8>
				<NUMPAD9>小键盘 9</NUMPAD9>
				<Multiply>小键盘 *</Multiply>
				<Add>小键盘 +</Add>
				<Subtract>小键盘 -</Subtract>
				<Decimal>小键盘 .</Decimal>
				<Divide>小键盘 /</Divide>
				<A>A</A>
				<B>B</B>
				<C>C</C>
				<D>D</D>
				<E>E</E>
				<F>F</F>
				<G>G</G>
				<H>H</H>
				<I>I</I>
				<J>J</J>
				<K>K</K>
				<L>L</L>
				<M>M</M>
				<N>N</N>
				<O>O</O>
				<P>P</P>
				<Q>Q</Q>
				<R>R</R>
				<S>S</S>
				<T>T</T>
				<U>U</U>
				<V>V</V>
				<W>W</W>
				<X>X</X>
				<Y>Y</Y>
				<Z>Z</Z>
				<F1>F1</F1>
				<F2>F2</F2>
				<F3>F3</F3>
				<F4>F4</F4>
				<F5>F5</F5>
				<F6>F6</F6>
				<F7>F7</F7>
				<F8>F8</F8>
				<F9>F9</F9>
				<F10>F10</F10>
				<F11>F11</F11>
				<F12>F12</F12>
				<BACKSLASH>反斜线 \</BACKSLASH>
				<BACKSPACE>退格键</BACKSPACE>
				<CAPSLOCK>CAPS LOCK键</CAPSLOCK>
				<COMMA>逗号 ,</COMMA>
				<DASH>破折号 -</DASH>
				<DELETE>DELETE键</DELETE>
				<DOWNARROW>↓键</DOWNARROW>
				<END>END键</END>
				<ENTER>ENTER键</ENTER>
				<ESCAPE>ESC键</ESCAPE>
				<GRAVE>波浪号 ~</GRAVE>
				<HOME>HOME键</HOME>
				<INSERT>INSERT键</INSERT>
				<LEFTARROW>←键</LEFTARROW>
				<LBRACE>左括号 [</LBRACE>
				<NUMLOCK>NUM LOCK键</NUMLOCK>
				<PAGEDOWN>PAGE DOWN键</PAGEDOWN>
				<PAGEUP>PAGE UP键</PAGEUP>
				<PAUSE>PAUSE键</PAUSE>
				<PERIOD>句号 .</PERIOD>
				<PRINTSCREEN>PRINT SCREEN键</PRINTSCREEN>
				<QUOTE>引号 '</QUOTE>
				<RIGHTARROW>→键</RIGHTARROW>
				<RBRACE>右括号 ]</RBRACE>
				<SCROLLLOCK>SCROLL LOCK键</SCROLLLOCK>
				<SLASH>斜线 /</SLASH>
				<SPACEBAR>空格键</SPACEBAR>
				<TAB>TAB键</TAB>
				<UPARROW>↑键</UPARROW>

				<BROWSER_BACK>浏览器后退</BROWSER_BACK>
				<BROWSER_FORWARD>浏览器前进</BROWSER_FORWARD>
				<BROWSER_REFRESH>浏览器刷新</BROWSER_REFRESH>
				<BROWSER_STOP>浏览器停止</BROWSER_STOP>
				<BROWSER_SEARCH>浏览器查找</BROWSER_SEARCH>
				<BROWSER_FAVORITES>浏览器收藏夹</BROWSER_FAVORITES>
				<BROWSER_HOME>浏览器主页</BROWSER_HOME>
				<VOLUME_MUTE>音量静音</VOLUME_MUTE>
				<VOLUME_DOWN>音量减</VOLUME_DOWN>
				<VOLUME_UP>音量加</VOLUME_UP>
				<MEDIA_NEXT_TRACK>媒体下一首</MEDIA_NEXT_TRACK>
				<MEDIA_PREV_TRACK>媒体上一首</MEDIA_PREV_TRACK>
				<MEDIA_STOP>媒体停止</MEDIA_STOP>
				<MEDIA_PLAY_PAUSE>媒体播放/暂停</MEDIA_PLAY_PAUSE>
				<LAUNCH_MAIL>启动电子邮件客户端</LAUNCH_MAIL>
				<LAUNCH_MEDIA_SELECT>LAUNCH MEDIA SELECT</LAUNCH_MEDIA_SELECT>
				<LAUNCH_APP1>LAUNCH APP1</LAUNCH_APP1>
				<LAUNCH_APP2>LAUNCH APP2</LAUNCH_APP2>				
			</Keys>
		</HotkeysFrame>
		<FormText>
			<LuaScriptTitle>Lua 脚本:</LuaScriptTitle>
			<InfoText>快捷键是每当你按下相应的按键组合都会激发的全局操作。

请注意，鼠标相关的变量不能传递到快捷键Lua脚本；如gsx，gwd等等。</InfoText>
		</FormText>
		<FormButtons>
			<AddHotkey>添加快捷键</AddHotkey>
			<Rename>重命名</Rename>
			<Delete>删除</Delete>
		</FormButtons>
		<AvailableActionsFrame>
			<Title>有效操作</Title>
			<Info>信息</Info>
			<Insert>插入</Insert>
			<Messages>
				<InfoPopup>
					<Description>说明：</Description>
					<Usage>用法：</Usage>
					<Returns>返回值：</Returns>
					<Parameters>参数：</Parameters>
				</InfoPopup>
			</Messages>
		</AvailableActionsFrame>
		<AddHotkeyPopupTitle>添加快捷键</AddHotkeyPopupTitle>
		<RenameHotkeyPopupTitle>重命名快捷键</RenameHotkeyPopupTitle>
		<Active>快捷键有效</Active>
		<Messages>
			<HotkeyFailure>注册快捷键失败:</HotkeyFailure>
			<HotkeyFailureTitle>注册快捷键错误</HotkeyFailureTitle>
			<HotkeyConflict>以下快捷键已经有相同的按键/修饰键定义:</HotkeyConflict>
			<HotkeyConflictSave>无论如何都保存?</HotkeyConflictSave>
			<HotkeyConflictTitle>快捷键冲突</HotkeyConflictTitle>
			<DeleteTreeItem>你确定?</DeleteTreeItem>
			<DeleteTreeItemTitle>删除</DeleteTreeItemTitle>
		</Messages>
	</Hotkeys>
</language>
